Time,Time Code,Country Name,Country Code,CO2 emissions (kt) [EN.ATM.CO2E.KT],Electricity production from coal sources (% of total) [EG.ELC.COAL.ZS],Alternative and nuclear energy (% of total energy use) [EG.USE.COMM.CL.ZS],Electricity production from hydroelectric sources (% of total) [EG.ELC.HYRO.ZS],Electricity production from natural gas sources (% of total) [EG.ELC.NGAS.ZS],Electricity production from nuclear sources (% of total) [EG.ELC.NUCL.ZS],Electricity production from oil sources (% of total) [EG.ELC.PETR.ZS],"Electricity production from oil, gas and coal sources (% of total) [EG.ELC.FOSL.ZS]","Electricity production from renewable sources, excluding hydroelectric (% of total) [EG.ELC.RNWX.ZS]","Population, total [SP.POP.TOTL]",GDP per capita (current US$) [NY.GDP.PCAP.CD]
2015,YR2015,Afghanistan,AFG,9035.488,..,..,..,..,..,..,..,..,34413603,578.466352941708
2015,YR2015,Albania,ALB,4616.753,0,..,100,0,..,0,0,0,2880703,3952.80121524465
2015,YR2015,Algeria,DZA,153133.92,0,..,0.210761940754092,98.357510392744,..,1.31980580830838,99.6773162010524,0.111921858193552,39728025,4187.50972747204
2015,YR2015,American Samoa,ASM,..,..,..,..,..,..,..,..,..,55812,11843.3311832581
2015,YR2015,Andorra,AND,465.709,..,..,..,..,..,..,..,..,78011,35762.523073758
2015,YR2015,Angola,AGO,34583.477,0,..,53.1749283080705,0,..,46.8250716919295,46.8250716919295,0,27884381,4166.97968386501
2015,YR2015,Antigua and Barbuda,ATG,546.383,..,..,..,..,..,..,..,..,93566,14286.0931598293
2015,YR2015,Argentina,ARG,201167.953,2.02956738894983,..,26.2415750877847,49.4822602564899,..,15.4231944645654,66.935022110005,1.89849403616245,43131966,13789.060424772
2015,YR2015,Armenia,ARM,4803.77,0,..,28.2856776509809,35.9148608795999,..,0,35.9148608795999,0.051288626747019,2925553,3607.29669672271
2015,YR2015,Aruba,ABW,898.415,..,..,..,..,..,..,..,..,104341,27980.8806952751
2015,YR2015,Australia,AUS,365332.209,62.8716168006469,2.15439420000884,5.29618354500626,20.7954779685741,0,2.6950641361049,86.3621589053259,8.34165754966783,23815995,56755.7217124249
2015,YR2015,Austria,AUT,61264.569,8.22660816346356,12.2128791477895,59.9970856337937,12.6013956575944,0,1.39403850201577,22.2220423230737,16.493693635348,8642699,44178.0473777432
2015,YR2015,Azerbaijan,AZE,37597.751,0,..,6.63075178224238,86.0823071937783,..,6.50923525599482,92.5915424497732,0.409105638366818,9649341,5500.31038244408
2015,YR2015,"Bahamas, The",BHS,2016.85,..,..,..,..,..,..,..,..,374206,31295.0620781067
2015,YR2015,Bahrain,BHR,32892.99,0,..,0,99.9684033141413,..,0.031596685858728,100,0,1371851,22634.118645445
2015,YR2015,Bangladesh,BGD,81073.703,1.6895155140567,..,0.959143210587856,80.7035976343394,..,16.3799969497212,98.7731100981173,0.267746691294843,156256276,1248.45339778371
2015,YR2015,Barbados,BRB,1254.114,..,..,..,..,..,..,..,..,285324,16525.0732500596
2015,YR2015,Belarus,BLR,58279.631,0,..,0.313948711930051,97.8669092189426,..,1.06214424036148,98.929053459304,0.501731119065782,9489616,5949.10630699748
2015,YR2015,Belgium,BEL,99346.364,6.10801173290389,15.110327401377,0.457238166446195,32.8061195145799,37.5323517570599,0.300511876689481,39.2146431241732,20.3427848392477,11274196,40991.8081381432
2015,YR2015,Belize,BLZ,579.386,..,..,..,..,..,..,..,..,360933,4775.95564827821
2015,YR2015,Benin,BEN,6065.218,0,..,4.09356725146199,0,..,94.4444444444444,94.4444444444444,1.46198830409357,10575952,1076.79771601166
2015,YR2015,Bermuda,BMU,557.384,..,..,..,..,..,..,..,..,65237,102005.62564189
2015,YR2015,Bhutan,BTN,1067.097,..,..,..,..,..,..,..,..,727876,2752.66420790266
2015,YR2015,Bolivia,BOL,20073.158,0,..,28.8813320825516,66.3461538461538,..,2.25140712945591,68.5975609756098,2.52110694183865,10869730,3035.97221350817
2015,YR2015,Bosnia and Herzegovina,BIH,18569.688,63.9772218312112,..,35.5173075692623,0.191950860579692,..,0.31351973894683,64.4826924307377,0,3429361,4727.27771157479
2015,YR2015,Botswana,BWA,5430.827,96.3599595551062,..,0,0,..,3.60633636670037,99.9662959218065,0.033704078193461,2120716,6799.87017783413
2015,YR2015,Brazil,BRA,504388.516,4.72241133873863,..,61.8484936009848,13.6662471718485,..,5.04425326483877,23.4329117754259,12.1184144471265,204471769,8814.00098681261
2015,YR2015,British Virgin Islands,VGB,212.686,..,..,..,..,..,..,..,..,29152,..
2015,YR2015,Brunei Darussalam,BRN,7073.643,0,..,0,98.9523809523809,..,1,99.9523809523809,0.047619047619048,414907,31164.5620291141
2015,YR2015,Bulgaria,BGR,44737.4,46.2065569734521,..,11.6142136145419,3.82421730745558,..,0.373394608345985,50.4041688892536,6.37437938533503,7177991,7055.93567291245
2015,YR2015,Burkina Faso,BFA,3329.636,..,..,..,..,..,..,..,..,18110624,653.32697954543
2015,YR2015,Burundi,BDI,403.37,..,..,..,..,..,..,..,..,10160030,305.549772797441
2015,YR2015,Cabo Verde,CPV,495.045,..,..,..,..,..,..,..,..,524743,3043.01398430098
2015,YR2015,Cambodia,KHM,8628.451,48.3966340686832,..,45.4855583352286,0,..,5.18535365021606,53.5819877188992,0.932453945872186,15521436,1162.90491997151
2015,YR2015,Cameroon,CMR,7928.054,0,..,74.9926013613495,5.99289730689553,..,17.8899082568807,23.8828055637763,1.12459307487422,23298368,1327.50301711492
2015,YR2015,Canada,CAN,549430.277,9.83644929480872,19.770846389418,56.7441929808868,10.0159525300414,15.5465605152518,1.21477770820288,21.067179533053,6.26725705936727,35702908,43585.5119817751
2015,YR2015,Cayman Islands,CYM,557.384,..,..,..,..,..,..,..,..,61724,76280.4866192809
2015,YR2015,Central African Republic,CAF,293.36,..,..,..,..,..,..,..,..,4493170,377.423001679447
2015,YR2015,Chad,TCD,1001.091,..,..,..,..,..,..,..,..,14110975,776.019532308037
2015,YR2015,Channel Islands,CHI,..,..,..,..,..,..,..,..,..,165385,..
2015,YR2015,Chile,CHL,83244.567,37.1443352302121,5.72221215920605,31.6778754957751,15.06493161951,0,4.18639818536352,56.3956650350856,11.9264594691392,17969353,13574.171830724
2015,YR2015,China,CHN,10145004.856,70.3094269525225,..,19.0698129653579,2.48703063811759,..,0.165618383349663,72.9620759739898,4.85700420830511,1371220000,8066.94263493557
2015,YR2015,Colombia,COL,94109.888,11.8521523682571,..,64.9593578393729,19.3430604054074,..,0.567976005911587,31.763188779576,3.27745338105105,47520667,6175.87602970259
2015,YR2015,Comoros,COM,168.682,..,..,..,..,..,..,..,..,777424,1242.6031895579
2015,YR2015,"Congo, Dem. Rep.",COD,2838.258,0,..,99.7092373070901,0.044732721986133,..,0.134198165958399,0.178930887944531,0.111831804965332,76244544,497.316960805476
2015,YR2015,"Congo, Rep.",COG,3230.627,0,..,53.3448673587082,46.6551326412918,..,0,46.6551326412918,0,4856095,2461.49416964392
2015,YR2015,Costa Rica,CRI,7513.683,0,..,74.6115427302997,0,..,0.998890122086571,0.998890122086571,24.3895671476138,4847804,11299.1355423011
2015,YR2015,Cote d'Ivoire,CIV,10960.663,0,..,15.5206061301802,78.0507404431179,..,5.22328090919527,83.2740213523132,1.2053725175066,23226143,1972.54610769746
2015,YR2015,Croatia,HRV,17311.907,20.5552589428724,..,56.869549741947,10.6513614522157,..,1.96654208933974,33.1731624844278,9.9572877736252,4203604,11781.7347932429
2015,YR2015,Cuba,CUB,29244.325,0,..,0.236593059936909,14.5406151419558,..,45.9680599369085,60.5086750788643,3.71155362776025,11324781,7694.01191952409
2015,YR2015,Curacao,CUW,6395.248,..,..,..,..,..,..,..,..,157980,19951.3279030441
2015,YR2015,Cyprus,CYP,6138.558,0,..,0,0,..,91.2199426428414,91.2199426428414,8.78005735715861,1160985,23333.7149112129
2015,YR2015,Czech Republic,CZE,99852.41,53.0611503824925,18.9565725567366,2.17270262418902,2.74038927084342,32.488864142539,0.113779413188729,55.9153190665246,9.23186791904716,10546059,17829.6983223668
2015,YR2015,Denmark,DNK,30817.468,24.5448578436453,11.7489461107418,0.062182609596849,6.2735343904377,0,1.08128648910077,31.8996787231838,65.443742011262,5683483,53254.8563700916
2015,YR2015,Djibouti,DJI,627.057,..,..,..,..,..,..,..,..,913993,2658.97875260181
2015,YR2015,Dominica,DMA,176.016,..,..,..,..,..,..,..,..,71183,7596.43506226258
2015,YR2015,Dominican Republic,DOM,24136.194,12.8569106572032,..,6.36614834480143,22.0295822723086,..,53.4810640949233,88.3675570244352,5.2662946307634,10281680,6921.51722848184
2015,YR2015,Ecuador,ECU,43270.6,0,..,50.7007355787844,12.6674409601239,..,34.5296167247387,47.1970576848626,2.10220673635308,16212020,6124.49164262072
2015,YR2015,"Egypt, Arab Rep.",EGY,224581.748,0,..,7.38115256323601,70.7287184644213,..,21.0119960214752,91.7407144858966,0.878132950867417,92442547,3562.93273506849
2015,YR2015,El Salvador,SLV,6849.956,0,..,22.5914175989314,0,..,42.1773250960093,42.1773250960093,35.2312573050593,6325124,3705.57794598177
2015,YR2015,Equatorial Guinea,GNQ,6028.548,..,..,..,..,..,..,..,..,1168568,11283.46560612
2015,YR2015,Eritrea,ERI,693.063,0,..,0,0,..,99.5073891625616,99.5073891625616,0.492610837438424,..,..
2015,YR2015,Estonia,EST,16362.154,5.3278295094557,0.933236763253142,0.259191705865412,0.595180954209465,0,1.22876067965825,7.15177114332341,14.1595468944994,1315407,17522.230186252
2015,YR2015,Eswatini,SWZ,982.756,..,..,..,..,..,..,..,..,1104044,3679.79979948884
2015,YR2015,Ethiopia,ETH,13718.247,0,..,92.6894701542589,0,..,0.038325189230622,0.038325189230622,7.27220465651049,100835458,640.541891313682
2015,YR2015,Faroe Islands,FRO,608.722,..,..,..,..,..,..,..,..,48051,52404.6593331379
2015,YR2015,Fiji,FJI,2156.196,..,..,..,..,..,..,..,..,868627,5390.74525792812
2015,YR2015,Finland,FIN,42606.873,8.30357012697348,25.3513137210655,24.4456754668571,7.57321748764523,33.8979838768459,0.309051416242693,16.1858390308614,20.0533551029928,5479531,42784.6983616432
2015,YR2015,France,FRA,..,2.16044891338683,49.0615406348183,9.66114989689331,3.51272595626573,77.6278008284028,0.382612769612454,6.05578763926501,6.19651673309742,66548272,36638.184929157
2015,YR2015,French Polynesia,PYF,766.403,..,..,..,..,..,..,..,..,273124,..
2015,YR2015,Gabon,GAB,5262.145,0,..,43.1796801505174,46.0489181561618,..,10.2069614299153,56.2558795860771,0.564440263405456,1947686,7384.71587003183
2015,YR2015,"Gambia, The",GMB,524.381,..,..,..,..,..,..,..,..,2085860,660.723571244322
2015,YR2015,Georgia,GEO,9798.224,0,..,78.0393242869011,21.9606757130989,..,0,21.9606757130989,0,3725276,4014.18594419329
2015,YR2015,Germany,DEU,727045.089,44.2628091617821,12.8636198591601,2.9606828432665,9.83155139032119,14.3199259868293,0.968692616000512,55.0630531681038,26.2710872790643,81686611,41086.7296737253
2015,YR2015,Ghana,GHA,16552.838,0,..,50.8658950482987,38.847793925681,..,0,38.847793925681,0.026107388390915,27849205,1743.8509964087
2015,YR2015,Gibraltar,GIB,579.386,0,..,0,0,..,100,100,0,33736,..
2015,YR2015,Greece,GRC,65059.914,42.6594882482343,6.20248117731642,11.7672031183667,17.540812782216,0,10.9277912855544,71.1280923160048,16.888580139709,10820883,18167.7737271656
2015,YR2015,Greenland,GRL,509.713,..,..,..,..,..,..,..,..,56114,44536.4013080999
2015,YR2015,Grenada,GRD,260.357,..,..,..,..,..,..,..,..,109599,9096.87064595412
2015,YR2015,Guam,GUM,..,..,..,..,..,..,..,..,..,161853,35278.9259389693
2015,YR2015,Guatemala,GTM,15834.106,21.3601012841382,..,35.0425031651293,0,..,18.249231325737,39.6093326098752,25.3481642249955,15567419,3994.63691288475
2015,YR2015,Guinea,GIN,2702.579,..,..,..,..,..,..,..,..,11432088,769.256013746016
2015,YR2015,Guinea-Bissau,GNB,278.692,..,..,..,..,..,..,..,..,1737202,603.401118246693
2015,YR2015,Guyana,GUY,2016.85,..,..,..,..,..,..,..,..,767432,5576.83333734239
2015,YR2015,Haiti,HTI,2933.6,0,..,7.99614643545279,0,..,92.0038535645472,92.0038535645472,0,10695542,1389.11951950807
2015,YR2015,Honduras,HND,10018.244,1.03736754043503,..,26.1015058561071,0,..,56.6871165644172,57.7244841048522,16.1740100390407,9112916,2302.20137936204
2015,YR2015,"Hong Kong SAR, China",HKG,42647.21,65.440441756508,..,0,33.7891138574809,..,0.491717065474625,99.7212726794636,0.278727320536419,7291300,42431.8882817277
2015,YR2015,Hungary,HUN,44418.371,19.471359831257,18.4514634352703,0.77120822622108,16.8347505108431,52.1850899742931,0.253773647089842,36.5598839891899,9.8114824335904,9843028,12706.8912148924
2015,YR2015,Iceland,ISL,1987.514,0,37.5169341332485,73.3070908027023,0,0,0.021277727538699,0.021277727538699,26.671631469759,330815,52564.4291794558
2015,YR2015,India,IND,2337749.17,75.3093989605236,..,9.9820390975008,4.92319617296841,..,1.65950351553575,81.8920986490278,5.36101124797904,1310152403,1605.60543355488
2015,YR2015,Indonesia,IDN,512749.276,55.7764633479212,..,5.87262376914661,25.1700971006565,..,8.39801012035011,89.3445705689278,4.7785318654267,258383256,3331.69512758628
2015,YR2015,"Iran, Islamic Rep.",IRN,650078.426,0.164627823527525,..,5.02079228030916,79.2665153421016,..,14.4256021209195,93.8567452865486,0.084095598165576,78492215,4904.32687747976
2015,YR2015,Iraq,IRQ,167273.872,0,..,3.7317547372392,24.4174574156293,..,25.7319868837236,50.1494442993529,0,35572261,4989.80307473071
2015,YR2015,Ireland,IRL,35907.264,17.3458130182569,4.80014899386715,2.87198832698673,44.0122424285562,0,1.44845012278017,62.8065055695932,25.0934196946511,4701957,61995.4228025802
2015,YR2015,Isle of Man,IMN,..,..,..,..,..,..,..,..,..,83234,85124.9249839193
2015,YR2015,Israel,ISR,66207.685,45.4037305764021,5.2453220351346,0.037368044094292,51.6130539034036,0,0.652383769812848,97.6691682496185,1.85283218634198,8380100,35776.7951618068
2015,YR2015,Italy,ITA,..,16.1200730212174,6.32722059410873,16.1733472556666,39.3732108736264,0,4.75348235912517,60.2467662539689,22.5058779238676,60730582,30230.2263021296
2015,YR2015,Jamaica,JAM,7572.355,0,..,3.12954876273654,0,..,89.7379912663755,89.7379912663755,7.13245997088792,2891021,4907.50371974316
2015,YR2015,Japan,JPN,1163803.124,33.1527356254335,3.09202073923516,8.22909281286162,39.5872171982853,0.911553166046214,7.51942012970579,80.2593729534245,7.75568791016029,127141000,34524.4698609337
2015,YR2015,Jordan,JOR,26200.715,0,..,0.278741979593983,48.4432523403808,..,50.5890396549911,99.0322919953718,0.688966025034185,9266575,4164.10787635509
2015,YR2015,Kazakhstan,KAZ,242091.673,71.5689221174437,..,8.70590224292745,18.3933200586092,..,1.16372994702634,91.1259721230792,0.168125633993313,17542806,10510.7718884149
2015,YR2015,Kenya,KEN,17018.547,0,..,39.2394570510828,0,..,12.4857527717335,12.4857527717335,48.2747901771837,47878336,1336.88334885603
2015,YR2015,Kiribati,KIR,62.339,..,..,..,..,..,..,..,..,110930,1542.5752495838
2015,YR2015,"Korea, Dem. Peopleâ€™s Rep.",PRK,25423.311,21.2855790929606,..,72.7960981291403,0,..,5.9183227778991,27.2039018708597,0,25183833,..
2015,YR2015,"Korea, Rep.",KOR,597354.3,43.0762564044674,15.9628201690884,0.390731684224709,22.3689337358392,29.998943968421,2.27920746650741,67.724397606814,1.50393462800377,51014947,28732.2310762599
2015,YR2015,Kosovo,XKX,8408.431,97.4669063572479,..,2.2879555482922,0,..,0.245138094459879,97.7120444517078,0,1788196,3603.02550073134
2015,YR2015,Kuwait,KWT,92984.119,0,..,0,36.4189169292382,..,63.5810830707618,100,0,3835591,29869.5293908248
2015,YR2015,Kyrgyz Republic,KGZ,10447.283,13.2156561780507,..,85.1880276285495,1.30468150422103,..,0.291634689178818,14.8119723714505,0,5956900,1121.08283510739
2015,YR2015,Lao PDR,LAO,9046.489,..,..,..,..,..,..,..,..,6741164,2134.71179567796
2015,YR2015,Latvia,LVA,7007.637,0,..,33.6164829206579,49.8102295318995,..,0.018073377914332,49.8283029098138,16.5552141695283,1977527,13774.6052739114
2015,YR2015,Lebanon,LBN,24469.891,0,..,2.60382691889541,0,..,97.3961730811046,97.3961730811046,0,6532678,7644.54865718212
2015,YR2015,Lesotho,LSO,2346.88,..,..,..,..,..,..,..,..,2059021,1152.13982883937
2015,YR2015,Liberia,LBR,1239.446,..,..,..,..,..,..,..,..,4472230,710.383857717515
2015,YR2015,Libya,LBY,56996.181,0,..,0,53.7003155410601,..,46.2996844589399,100,0,6418315,4337.91913919348
2015,YR2015,Liechtenstein,LIE,51.338,..,..,..,..,..,..,..,..,37470,167290.939983907
2015,YR2015,Lithuania,LTU,13083.856,0,..,8.19633630812588,46.4772193518084,..,6.45843118835134,52.9356505401597,31.2118365429779,2904910,14258.2293345128
2015,YR2015,Luxembourg,LUX,9251.841,0,3.71309534214227,7.43801652892562,62.6596543951916,0,0,62.6596543951916,24.9436513899324,569604,101376.496574339
2015,YR2015,"Macao SAR, China",MAC,2090.19,..,..,..,..,..,..,..,..,602085,75340.9869811152
2015,YR2015,Madagascar,MDG,3644.998,..,..,..,..,..,..,..,..,24234088,467.235399432808
2015,YR2015,Malawi,MWI,1151.438,..,..,..,..,..,..,..,..,16745303,380.597033140938
2015,YR2015,Malaysia,MYS,234823.679,42.2813293099658,..,9.27506111655109,46.6031187759371,..,1.15838345889704,90.0428315447999,0.682107338648975,30270962,9955.24370828938
2015,YR2015,Maldives,MDV,1301.785,..,..,..,..,..,..,..,..,454915,9033.43986680388
2015,YR2015,Mali,MLI,3168.288,..,..,..,..,..,..,..,..,17438778,751.474788898858
2015,YR2015,Malta,MLT,1620.814,0,..,0,0,..,92.3254029163469,92.3254029163469,7.67459708365311,445053,24921.6035735846
2015,YR2015,Marshall Islands,MHL,143.013,..,..,..,..,..,..,..,..,57439,3213.83728825363
2015,YR2015,Mauritania,MRT,2893.263,..,..,..,..,..,..,..,..,4046301,1524.07288252212
2015,YR2015,Mauritius,MUS,4213.383,39.4394394394394,..,4.07073740407074,0,..,37.8378378378378,77.2772772772773,18.651985318652,1262605,9260.44730250635
2015,YR2015,Mexico,MEX,482947.567,10.8659180170857,3.51721073584162,9.90396544298671,59.8612191374888,3.72085698307503,10.1488728474182,80.8760100019927,5.49016834973549,121858258,9616.64500568952
2015,YR2015,"Micronesia, Fed. Sts.",FSM,143.013,..,..,..,..,..,..,..,..,108895,2906.37678497635
2015,YR2015,Moldova,MDA,4943.116,0,..,5.05664094565753,94.4836644229191,..,0.147758988671811,94.6314234115909,0.311935642751601,2834530,2732.45711293733
2015,YR2015,Monaco,MCO,..,..,..,..,..,..,..,..,..,37718,166011.50913116
2015,YR2015,Mongolia,MNG,23285.45,92.7444222746236,..,0,0,..,4.17195719209142,96.916379466715,3.08362053328496,2998439,3918.57917389553
2015,YR2015,Montenegro,MNE,2240.537,50.3496503496504,..,49.6503496503497,0,..,0,50.3496503496504,0,622159,6514.56918801822
2015,YR2015,Morocco,MAR,61271.903,55.525632706035,..,6.11615833874108,18.7670343932511,..,7.17391304347826,81.4665801427644,8.19273199221285,34663603,2875.25798516781
2015,YR2015,Mozambique,MOZ,6486.923,0,..,86.4108873600161,12.8257921960528,..,0.7633204439311,13.5891126399839,0,27042002,589.859028149831
2015,YR2015,Myanmar,MMR,22299.027,1.78459611772073,..,58.8541014402004,39.0169067000626,..,0.344395742016281,41.1458985597996,0,52680726,1287.43048657119
2015,YR2015,Namibia,NAM,3989.696,0.455729166666667,..,97.7864583333333,0,..,1.7578125,2.21354166666667,0,2314904,4869.37837276379
2015,YR2015,Nauru,NRU,47.671,..,..,..,..,..,..,..,..,12475,6956.25380055393
2015,YR2015,Nepal,NPL,6252.235,0,..,99.8001712817585,0,..,0,0,0.199828718241507,27015031,792.552890593381
2015,YR2015,Netherlands,NLD,172492.013,38.6535840828564,3.37380480632713,0.084491687108204,42.2794585263923,3.50867629690197,1.30008176614881,82.2331243753975,12.3575906241483,16939923,45175.2318933798
2015,YR2015,New Caledonia,NCL,4752.432,..,..,..,..,..,..,..,..,272400,..
2015,YR2015,New Zealand,NZL,34887.838,4.25291256645176,13.9876097391326,55.5027711797308,15.5344418052257,0,0.002262187535347,19.7896165592128,24.5786675715417,4595700,38615.9951849093
2015,YR2015,Nicaragua,NIC,5331.818,0,..,6.44245468442892,0,..,49.9454029264031,49.9454029264031,43.6121423891679,6223240,2049.84968976149
2015,YR2015,Niger,NER,2027.851,41.6195856873823,..,0,0,..,57.6271186440678,99.2467043314501,0.753295668549906,20001663,484.238632609296
2015,YR2015,Nigeria,NGA,115928.538,0,..,18.1951250556864,81.8048749443136,..,0,81.8048749443136,0,181137448,2687.48014545225
2015,YR2015,North Macedonia,MKD,7099.312,58.3599008147361,..,33.0322352107687,3.24123273113709,..,2.46191994332271,64.0630534891959,2.90471130003542,2079328,4840.27312286783
2015,YR2015,Northern Mariana Islands,MNP,..,..,..,..,..,..,..,..,..,55780,16690.5700968089
2015,YR2015,Norway,NOR,47212.625,0.104917941662845,31.3179314225439,95.8255165992691,1.80514445324551,0,0.020149803365712,1.93021219827407,1.88435402509693,5188607,74355.5158575643
2015,YR2015,Oman,OMN,65386.277,0,..,0,97.3655290310764,..,2.63447096892362,100,0,4267348,16028.6115221739
2015,YR2015,Pakistan,PAK,188542.472,0.137108631529573,..,30.6726441219184,25.7250069907361,..,37.2249934602791,63.0871090825448,0.757705595295009,199426964,1356.66775582649
2015,YR2015,Palau,PLW,223.687,..,..,..,..,..,..,..,..,17665,15876.4619303708
2015,YR2015,Panama,PAN,11129.345,6.91530691530691,..,60.7711732711733,0,..,27.7583527583528,34.6736596736597,4.55516705516705,3968487,13630.3079737945
2015,YR2015,Papua New Guinea,PNG,7480.68,..,..,..,..,..,..,..,..,8107775,2679.34558891149
2015,YR2015,Paraguay,PRY,6303.573,0,..,99.9982060849598,0,..,0.001793915040184,0.001793915040184,0,6688746,5406.70385708338
2015,YR2015,Peru,PER,52636.118,0.839360842262337,..,49.1409504466229,45.027046071584,..,1.40307972891754,47.2694866427639,3.58956291061325,30470734,6229.10169612596
2015,YR2015,Philippines,PHL,117120.313,44.5148216907527,..,10.5141179182896,22.9065802725298,..,7.14207709948673,74.5634790627692,14.8993484037713,102113212,3001.04037107616
2015,YR2015,Poland,POL,285659.3,80.9061646211232,1.14302403851018,1.1147552953919,3.88643126182754,0,1.28878368757644,86.0813795705271,12.687643375664,37986412,12578.4954734362
2015,YR2015,Portugal,PRT,49258.811,28.7182387238938,8.04425464477711,16.8873461905969,20.5963222246056,0,2.55845244827519,51.8730133967746,30.6390281000761,10358076,19242.3664710981
2015,YR2015,Puerto Rico,PRI,..,..,..,..,..,..,..,..,..,3473232,29763.4883013861
2015,YR2015,Qatar,QAT,106841.712,0,..,0,100,..,0,100,0,2565710,63039.063486422
2015,YR2015,Romania,ROU,71715.519,27.6387245532599,..,25.2313340007888,14.238038894451,..,0.719031582779649,42.5957950304906,14.5156396953976,19815616,8969.14892146193
2015,YR2015,Russian Federation,RUS,1698213.369,14.8216583163089,..,15.764768590768,49.7126094312904,..,0.946957789011686,65.481225536611,0.091026563803522,144096870,9313.01362484996
2015,YR2015,Rwanda,RWA,960.754,..,..,..,..,..,..,..,..,11369071,751.639369748452
2015,YR2015,Samoa,WSM,234.688,..,..,..,..,..,..,..,..,193513,4073.66600980642
2015,YR2015,San Marino,SMR,..,..,..,..,..,..,..,..,..,33272,42660.3381585202
2015,YR2015,Sao Tome and Principe,STP,113.677,..,..,..,..,..,..,..,..,199432,1584.82776026425
2015,YR2015,Saudi Arabia,SAU,647111.823,0,..,0,55.8036980989312,..,20.4063416248936,76.2100397238248,0.000295564172893,31717667,20627.9327823422
2015,YR2015,Senegal,SEN,10637.967,0,..,8.64728192161821,4.17193426042984,..,83.6156763590392,87.787610619469,1.76991150442478,14578459,1219.24866243037
2015,YR2015,Serbia,SRB,43919.659,72.4298443942014,..,26.812076073946,0.579864343662721,..,0.074477989094295,73.0841867269584,0.093097486367868,7095383,5588.98072768556
2015,YR2015,Seychelles,SYC,491.378,..,..,..,..,..,..,..,..,93419,14745.3414620288
2015,YR2015,Sierra Leone,SLE,1067.097,..,..,..,..,..,..,..,..,7171914,588.228452702849
2015,YR2015,Singapore,SGP,61451.586,1.19607259744124,..,0,95.0292571655261,..,0.698204899335515,96.9235346623029,1.82088664088069,5535002,55646.6187469505
2015,YR2015,Sint Maarten (Dutch part),SXM,..,..,..,..,..,..,..,..,..,38825,32274.8905524359
2015,YR2015,Slovak Republic,SVK,31283.177,12.5112646440372,27.4677924020321,14.5163712826675,6.02282967858216,56.8714328627215,1.4418744367678,19.9759687593872,8.16311204565936,5423801,16310.9884090005
2015,YR2015,Slovenia,SVN,12530.139,29.5943848282378,28.2258477362562,25.7002092191402,2.72659782682054,38.118377539313,0.114733076871161,32.4357157319295,3.69170547344267,2063531,20881.7669299329
2015,YR2015,Solomon Islands,SLB,190.684,..,..,..,..,..,..,..,..,603118,2167.17382619953
2015,YR2015,Somalia,SOM,630.724,..,..,..,..,..,..,..,..,13797201,..
2015,YR2015,South Africa,ZAF,463952.507,92.7112379223137,..,0.324638479994812,0,..,0.074168341871474,92.7854062641852,1.93040334608651,55386367,5734.63362915331
2015,YR2015,South Sudan,SSD,1943.51,0,..,0,0,..,99.3939393939394,99.3939393939394,0.606060606060606,10715658,1119.65133267823
2015,YR2015,Spain,ESP,250496.437,18.9623891256768,19.9753766538585,10.1298813500749,18.8983124064048,20.6186643243866,6.20644223015782,44.0671437622394,24.8200092155282,46444832,25732.0183647454
2015,YR2015,Sri Lanka,LKA,20113.495,33.7050523441056,..,45.2814443938704,0,..,17.8197542102868,51.5248065543924,3.19374905173722,20970000,3843.78067184442
2015,YR2015,St. Kitts and Nevis,KNA,234.688,..,..,..,..,..,..,..,..,51204,18028.9734308952
2015,YR2015,St. Lucia,LCA,410.704,..,..,..,..,..,..,..,..,179126,10093.8997626748
2015,YR2015,St. Martin (French part),MAF,..,..,..,..,..,..,..,..,..,35858,..
2015,YR2015,St. Vincent and the Grenadines,VCT,220.02,..,..,..,..,..,..,..,..,109148,6920.87807380804
2015,YR2015,Sudan,SDN,19816.468,0,..,64.5359086380011,0,..,22.618226412202,22.618226412202,0,38902950,1909.73875450207
2015,YR2015,Suriname,SUR,1723.49,0,..,60.0531443755536,0,..,39.9468556244464,39.9468556244464,0,559136,8562.08136860759
2015,YR2015,Sweden,SWE,38180.804,0.666950738277414,43.2411503756414,46.5086981492117,0.26245746645176,34.7364000716355,0.155621838931397,1.08503004366057,16.7540495643206,9799186,51545.4836095322
2015,YR2015,Switzerland,CHE,35672.576,0,39.8865358839965,57.881598257107,1.00155831580858,34.931993887771,0.068081758627472,1.06964007443606,4.31638349698171,8282396,82081.5971616165
2015,YR2015,Syrian Arab Republic,SYR,29295.663,0,..,2.30971422179968,68.6259157765226,..,29.0643700016778,97.6902857782003,0,17997408,..
2015,YR2015,Tajikistan,TJK,5005.455,1.52662859806549,..,98.4733714019345,0,..,0,1.52662859806549,0,8454028,929.095857223746
2015,YR2015,Tanzania,TZA,12933.509,0,..,33.4868943606036,43.9078633836378,..,21.9380460683082,65.845909451946,0.667196187450357,51482633,947.933446487903
2015,YR2015,Thailand,THA,284364.849,19.4543204320432,..,2.66595409540954,71.4367686768677,..,0.570432043204321,91.4615211521152,5.87252475247525,68714511,5840.04652294326
2015,YR2015,Timor-Leste,TLS,502.379,..,..,..,..,..,..,..,..,1196302,1332.7828591777
2015,YR2015,Togo,TGO,2636.573,0,..,69.1358024691358,0,..,24.6913580246914,24.6913580246914,6.17283950617284,7323158,570.910279013434
2015,YR2015,Tonga,TON,121.011,..,..,..,..,..,..,..,..,100781,4336.19657636639
2015,YR2015,Trinidad and Tobago,TTO,46255.538,0,..,0,99.7669902912621,..,0.233009708737864,100,0,1370328,18289.704340369
2015,YR2015,Tunisia,TUN,30252.75,0,..,0.35068103273023,91.4413498678593,..,4.63508843260825,96.0764383004676,2.48526123195771,11179949,3861.68853113497
2015,YR2015,Turkey,TUR,350337.846,29.0950902083023,6.65430058653642,25.6494883166592,37.9012388122987,0,0.849558603881841,67.8458876244829,6.30713224311739,78529409,11006.2497363978
2015,YR2015,Turkmenistan,TKM,70674.091,0,..,0,100,..,0,100,0,5565287,6432.68070195019
2015,YR2015,Turks and Caicos Islands,TCA,205.352,..,..,..,..,..,..,..,..,35981,26182.4296156305
2015,YR2015,Tuvalu,TUV,11.001,..,..,..,..,..,..,..,..,11099,3197.77225194394
2015,YR2015,Uganda,UGA,5342.819,..,..,..,..,..,..,..,..,38225453,843.629415815721
2015,YR2015,Ukraine,UKR,196283.509,34.5781824462704,..,3.32926197349915,6.23164803711106,..,0.460187035803292,41.2700175191847,1.05238482986651,45154036,2124.6623187838
2015,YR2015,United Arab Emirates,ARE,194765.371,0,..,0,98.5255091625709,..,1.24208972567247,99.7675988882433,0.23240111175667,9262900,38663.3838066363
2015,YR2015,United Kingdom,GBR,405038.485,22.806490741952,13.1204197977575,1.869745150971,29.7402157238164,20.9138531793695,0.63414953204343,53.1808559978118,22.9703052717954,65116219,44974.8318771782
2015,YR2015,United States,USA,5126913.374,34.2327337278988,11.8743317712829,5.84163825956796,31.9421612232398,19.3237776259423,0.903806520197121,67.0787014713357,7.38695495139919,320635163,56839.3817742317
2015,YR2015,Uruguay,URY,6699.609,0,..,60.1601164483261,0,..,11.4410480349345,11.4410480349345,28.3988355167394,3412009,15613.7642726566
2015,YR2015,Uzbekistan,UZB,102929.023,4.08519553072626,..,20.6529329608939,75.0052374301676,..,0.256634078212291,79.3470670391062,0,31298900,2615.025134487
2015,YR2015,Vanuatu,VUT,132.012,..,..,..,..,..,..,..,..,271130,2801.93984778858
2015,YR2015,"Venezuela, RB",VEN,171894.292,0,..,63.6950420954163,19.4191682966239,..,16.8857896079599,36.3049579045837,0,30081829,..
2015,YR2015,Vietnam,VNM,188329.786,29.5714462791047,..,36.6139754571609,33.2104669141392,..,0.486029109555528,63.2679423027994,0.118082240039665,92677076,2085.10148409879
2015,YR2015,Virgin Islands (U.S.),VIR,..,..,..,..,..,..,..,..,..,107710,34797.14046978
2015,YR2015,West Bank and Gaza,PSE,3006.94,..,..,..,..,..,..,..,..,4270092,3272.15432360708
2015,YR2015,"Yemen, Rep.",YEM,13171.864,0,..,0,39.8047315058205,..,60.1952684941795,100,0,26497889,1602.03784066157
2015,YR2015,Zambia,ZMB,4532.412,0,..,96.993823945234,0,..,3.00617605476598,3.00617605476598,0,15879361,1337.79558561814
2015,YR2015,Zimbabwe,ZWE,12317.453,46.7813369039036,..,51.3956123184674,0,..,0.494386651560408,47.275723555464,1.3286641260686,13814629,1445.07106198798
,,,,,,,,,,,,,,
,,,,,,,,,,,,,,
,,,,,,,,,,,,,,
Data from database: World Development Indicators,,,,,,,,,,,,,,
Last Updated: 12/16/2020,,,,,,,,,,,,,,
