,Country,2005,2006,2007,2008,2009,2010,2011,2012,2013,2014,2015,2016,2017,2018,2019
0,"Afghanistan, Islamic Republic of",304926.355477215,345817.025359117,427495.079894071,517509.319412255,607227.034082411,711759.307737713,836222.473355886,1033591.40582211,1116827.08221407,1183039.11012356,1226569.7986966202,1318478.32867406,1377535.35280279,1421410.74736021,...
1,Albania,804163.210239,872735.098858,965527.760136,1080675.9312,1143936.457575,1239644.584736,1300624.080293,1332810.989283,1350052.635938,1395304.632217,1434306.510692,1472479.126621,1551281.32631,1630906.995996,...
2,Algeria,7562000,8501635.82520256,9352886.36776644,11043703.5026141,9968025.262635179,11991563.9085089,14589000,16209600,16647900,17228600,16712686,17514600,18575800,20259000,...
3,Angola,3222352,4209762,5006335,6643353.03,5577340.74169625,7701651.39573718,10500941.840083,12224949.8316326,13195003.553711,14323859,13950290.8494389,16549565.4236029,20262278.587363698,26777992.4430013,...
4,Anguilla,618.29,765.39,959.25,957.77,763.04,722.88,784.59,756.3,760.86,840.53,892.44,864.69,765.54,870.46,...
5,Antigua and Barbuda,2759.9164962922,3123.9146912087003,3540.78356142864,3694.7638162020894,3305.4831362404097,3111.66648659826,3083.51587238098,3270.8116006947,3220.89855114126,3374.3,3609.1,3878.8,3963.55,4348.54,...
6,Argentina,582538.1729,715904.27175,896980.174075,1149646.0905,1247929.26875,1661720.92575,2179024.1035,2637913.848,3348308.488,4579086.4255,5954510.8955,8228159.5565,10644778.79825,14605790.3475,...
7,"Armenia, Republic of",2242880.9,2656189.8,3149283.4,3568227.6,3141651,3460202.7,3777945.6,4000722,4555638.2,4828626.3,5043633.2,5067293.5,5564493.3,6005058.1,...
8,Aruba,4172.49,4339.7,4681.4,4914.3,4473.1,4279,4563.7,4536.8,4618.3,4742.5,4817.8,4738.5,4833.6,...,...
9,Australia,961696,1037682,1131412,1235108,1261632,1363158,1467493,1515294,1568121,1614001,1640802,1705251,1807929,1897045,...
10,Austria,254075.03,267824.45,283977.97,293761.91,288044.02,295896.64,310128.66,318653.04,323910.2,333146.07,344269.23,357299.71,370295.77,385711.94,398464.827
11,"Azerbaijan, Republic of",12522.5,18746.2,28360.5,40137.2,35601.5,42465,52082,54743.7,58182,59014.1,54380,60425.2,70337.8,79797.3,...
12,"Bahamas, The",9836.19505799921,10167.2541131771,10618.3455296495,10525.9982163822,9981.95958011556,10095.7631247031,10070.452174847,10720.4968264755,10562.7252080634,10913.2555187956,11752.3216284475,11938.4499518391,12150.4096394658,12424.5242850421,...
13,"Bahrain, Kingdom of",6004.26627323048,6957.9,8170.47,9667.3,8624.76,9668.2,10820,11561.75,12234.84,12553.78,11703.31,12117.91,13282.55,...,...
14,Bangladesh,4562196728.60927,5160683000,5892410500,6668770500,7513052500,8566837500,9855164000,11270636000,12712988000,14297383000,16243329500,18543395500,21131482000,24094782581.3115,...
15,Barbados,7639.18945577004,8434.90160509646,9348.01490498485,9569.8501580529,8931.31462928897,9059.856603993601,9315.39892446154,9220.19199034962,9354.49657893292,9392.688701649811,9430.007219852141,9660.01470516032,9956.30777795312,10173.386590453,...
16,Belarus,6506.71,7926.7,9716.53,12979.08,13744.22,17046.58,30724.5,54761.67,67068.85,80579.27,89909.81,94949,105748.2,122319.7,...
17,Belgium,310037.6,325151.5,343618.9,351743.1,346472.8,363140.1,375967.8,386174.7,392880,403003.3,416701.4,430372.1,446364.9,459819.8,...
18,Belize,2228.40538918924,2434.88429388044,2581.0851181302,2737.2502759985,2670.4350213018997,2793.4634327435797,2973.19151669773,3127.65571688308,3216.88429793506,3385.91151139999,3525.00087688137,3613.29251848292,3725.22959787244,...,...
19,Benin,3462850.97430087,3674799.89358463,3909982.23235604,4365329.92087944,4580012.18363233,4718033.7287781,5039212.51977547,5688291.39336083,6182559.1595412595,6559332.79002913,6732814,7005230,7375302.19790595,7922004.056127249,...
20,Bermuda,...,...,...,6085.19,5983.691,5945.28,5736.382,5668.911,5653.432,5672.069,5843.927,...,...,...,...
21,Bhutan,33978.839199152004,38392.8257679318,45065.0621147968,52100.44835662079,57982.4287939422,66858.6020316595,78723.32448779087,91201.4814295776,101415.65016,112462.047146779,125813.301208366,140379.89029495098,159742.59932930398,...,...
22,Bolivia,77023.81735045329,91747.7952971828,103009.182446246,120693.764151442,121726.745182418,137875.568041282,166231.562916997,187153.87760722105,211856.031663686,228003.659166788,228031.369894573,234533.182042419,259184.717362476,...,...
23,Bosnia and Herzegovina,...,...,...,25519.328896,24798.519446,25364.95257,26231.26199,26222.709768,26778.754155,27358.70992,28589.05266,29904.460002,31376.237214,32778.403181,...
24,Botswana,50752.2,59106.8,67152.7,74720.9,73462.4,86867.3545532883,104979.775146484,109870.421085358,125158.316267014,145868.642276764,146066.188901901,170563.629824638,180102.071792603,189868.503845215,...
25,Brazil,2170584.5035,2409449.922,2720262.9378,3109803.0891,3333039.3554,3885847.0004,4376382,4814760,5331618.999,5778953,5995787,6269328,6583318.999,6889176.083,...
26,Brunei Darussalam,17610.6722029335,20236.868413591,20460.8760283254,22681.1270149603,17298.1142422238,18689.782892525003,23302.5755104869,23802.3061987971,22638.782901133203,21663.5931821831,17778.0073757514,15747.7230468911,16747.436125758,18300.6605126199,...
27,Bulgaria,47017.239,53608.436,63454.89,72790.342,73147.248,74406.713,80681.918,82209.022,81919.394,83857.173,89332.814,95091.969,102307.942,109694.805,...
28,Burkina Faso,2882208,3032868.8,3245246,3747969,3951810,4447570,5060322,5700578,5904455.51155041,6119953.1980788,6162492,6443756.31633075,7177338.88168112,7849086.52655228,...
29,Burundi,1208244,1309900,1467231,1911139,2184177,2501047,2819534,3365810,3997316.83115497,4538220.80059533,4723455.20956341,5192318.545165559,5872283.60665699,6183316.536977231,...
30,Cabo Verde,96690.1732237458,108722.365405567,121973.724837631,134698.360562864,135879.083585083,138568.517460573,147924.170594775,150351.280922535,153723.172604775,154435.743094022,158699.114253993,165782.176348167,173097.401173074,184661.338110349,...
31,Cambodia,25754291.4172748,29849484.8333672,35042180.736487,41968385.397760704,43056731.746881,47047985.2261677,52068692.7208196,56649673.0527606,61413701.0613388,67484868.6860339,73422701.5608292,81241866.018784,89655850.74506329,...,...
32,Cameroon,9464932,10121085,10718929,11826440,12285308,12948432,13843139,14858604,15981280,17276469,18285382,19344838,20328363,...,...
33,Canada,1421572,1496572,1577662,1657042,1571334,1666047,1774063,1827202,1902247,1994892,1990439,2028223,2141508,2219061,...
34,Cayman Islands,...,2448.88,2637.06,2657.9,2528.86,2472.72,2519.26,2580.95,2651.53,...,...,...,...,...,...
35,Central African Republic,705415.468887452,763713.430280582,813586.8955436541,889060,935747,983628,1036028.666663,1107694,750231.960822058,841938.779238786,936723.972803327,1041396.33382158,1125164.65712718,...,...
36,Chad,3518122,3892340.559110259,4157425.9370388705,4652385.7096175,4385555.77501874,5290607.7818149505,5742404.327690151,6332447.356238,6417737.78283587,6912490.12426525,6474072.970347741,5984079.8072812995,5746476.27498285,...,...
37,Chile,68831705.43,82080219.85,90702903.29,93854108.41,96686356.86,111508610.69,122006090.36,129947342.3,137876215.77,148599453.88,159553348.31,169469506.98,180211289.72,191248710.86,...
38,"China, P.R.: Hong Kong",1412125,1503351,1650756,1707487,1659245,1776332,1934430,2037059,2138305,2260005,2398280,2490617,2662836,2842883,...
39,"China, P.R.: Macao",96872,118338,147382,167760,171467,225051,294347,343818,411865,442070,362213,362876,407328,444666,...
40,"China, P.R.: Mainland",18919038.676664,22120650.306888,27169932.436292,31993584.729618,34988333.551501,41070826.377615,48603778.105252,54098889.051789,59696286.175105,64718168.09,69910944.14,74563240.432504,81526030,88442600,...
41,Colombia,336940937.740876,380591648.110688,427518881.795127,475617406.024829,501781836.679228,543187689.784596,618117720.583363,665883659.003085,713626705.158768,762902999.999998,804691999.999998,863781999.999998,920193999.999998,978477060.575936,...
42,Comoros,259355.680324876,269766.8813644,285627,306288,319332,336947.26553075097,361596.424883716,388983.77631517,413476.62964729493,425712.986761474,438331,456756,470734,492860,...
43,"Congo, Democratic Republic of",5670065,6767519.5454,8648878.51372041,11067568.5144426,15101187.9014711,19536676.9254905,23759424.5824566,26954556.9324885,30051179.3964046,33223988.4618189,35111225.9719369,37517392.3916505,55676093.127358295,76495500.3730495,...
44,"Congo, Republic of",3210700,4042600,3563600,4556900,4409732.7845815895,6082519.844649861,6982455.2070415,6971922.5771473795,6927241.618772049,6959940.09246854,5056481.70597711,4615600,5188275.734681,6475853.47479461,...
45,Costa Rica,9532875.007,11555641.502,13816350.758,16109612.039,17521034.883,19596936.678,21370733.294,23371405.924,24860943.501,27226883.442,29281373.309,31136210.503,33014818.767,34693417.651,...
46,Côte d'Ivoire,9011755,9307908,9750029,10848040,11463500,12324723,12112687,13677317,15445759,17461003,19595381,20931397,22150799,23899782.658,...
47,Croatia,270014.8525,294444.7492,322791.3716,346735.1606,330770.753,328824.1636,333214.8029,330509.4132,331209.0614,331342.7714,339696.0732,351168.6596,366426.1279,382965.1787,...
48,Cyprus,14822.306,16000.018,17511.579,19009.576,18675.493,19409.974,19803.033,19440.777,17994.967,17408.532,17826.948,18872.872,20039.696,21137.812,...
49,Czech Republic,3264931,3512798,3840117,4024117,3930409,3962464,4033755,4059912,4098128,4313789,4595783,4767990,5047267,5323556,...
50,Denmark,1585984.17,1682260.207,1738845.296,1801469.912,1722142.505,1810925.601,1846853.613,1895002.254,1929677.034,1981164.991,2036356.207,2107808.218,2175105.8,2245954.115,...
51,Djibouti,176812.47165365602,191819.30284196,211462.462019642,245350.317145497,253191.37781246705,274114.830116418,309035.173736346,337661.68257213203,363051.5090263579,393864.980984376,434611.52012668,465375.416176607,491727.793790849,519540.455003656,...
52,Dominica,983.4887,1053.6754,1137.7148,1237.1135,1320.5007,1333.3259,1352.7683,1312.1946,1355.344,1413.8991,1460.2428,1553.7642,1413.5729,1440.4167,...
53,Dominican Republic,1083445.00085506,1261399.6676148898,1458416.51805624,1661642.68048771,1736041.06366715,1983201.68221933,2210213.93445168,2386016.24695706,2619769.69651275,2925665.10187017,3205655.1361474,3487292.51270275,3802655.77244254,4235846.7669485295,...
54,Ecuador,41507.085,46802.044,51007.777,61762.635,62519.686,69555.367,79276.664,87924.544,95129.659,101726.331,99290.381,99937.696,104295.862,108398.058,...
55,Egypt,566219.67629324,649496.553475087,783139.1177404,941596.509044748,1095847.99746112,1268710.60615678,1441678.36242463,1674700,1860400,2130000,2443900,2709400,3470000,4437400,...
56,El Salvador,14698.001419733298,15999.8863829019,17011.750853710502,17986.8862428623,17601.616010158003,18447.9224362183,20283.7836605663,21386.1530179459,21990.9620512615,22593.4723956216,23438.2379399652,24154.1119737857,24927.9737019557,26056.9449300264,...
57,Equatorial Guinea,4316629.31670053,5274146,6264841,8844107,7095919,8072293,10064619,11430511,10840521,10746852,7795419.584721,6661365,7152122,7625212.22996167,...
58,Eritrea,13063.8188260115,14411.2673817403,15682.2,14186.4,19936.4,24438.8,31749.4,34668.5,30103.5,40040.1,30826.3,33367.4,28935.3,30252.4,...
59,Estonia,11336.4642,13560.5217,16398.7429,16638.2865,14211.8107,14863.0854,16829.2036,18050.7372,19033.3924,20179.9895,20782.215,21693.6351,23775.8242,26035.854,...
60,"Eswatini, Kingdom of",20210.659832000703,22287.4025154114,24443.0571098328,27213.1651000977,30339.3800983429,32497.1845855713,35002.1320495605,40119.4701309204,44391.2817077637,47993.9475326538,51971.9916400909,56496.3701133728,59285.389793396,62372.8280448914,...
61,Ethiopia,107349.077834782,132669.331692916,173297.108539435,250132.69868335105,337608.983362709,385943.203842504,515078.542,747326.498,866921.082,1060825.383,1297961.44,1541277.204,1806656.083,2202373,...
62,Euro Area,8447664.4517367,8896707.6009285,9390564.0178667,9622963.0695293,9274982.998059599,9534698.9072861,9799209.211328698,9836955.7148083,9933835.0995376,10167905.890207,10524438.826304,10816983.617924,11200953.203965,11561242.835819,...
63,Fiji,5507.7286668159795,5818.727911928429,5939.71467127859,6082.43326847941,6081.54412352902,6526.07055990955,7332.087715325309,7701.487205183609,8358.18974018073,9167.03244177719,9822.11033791771,10327.2987790329,11064.9515929369,11557.4321119255,...
64,Finland,164687,172897,187072,194265,181747,188143,197998,201037,204321,206897,211385,217518,225836,234370,...
65,France,1765905,1848151,1941360,1992380,1936422,1995289,2058369,2088804,2117189,2149765,2198432,2234129,2295063,2353090,2418334
66,Gabon,4989260,5309448,5961579,6944822,5738118.5310954,7111476.55650856,8581582.50320343,8766489.22983665,8690517.447519049,8988325.16428552,8503444.93090521,8310636.115442019,8673344.80509455,...,...
67,"Gambia, The",29367.0029745555,29584.4311600914,31830.6080355755,34659.2788820478,38638.120465079,43230.7064918246,41531.7160617315,45389.2966249034,49463.596581155296,51309.07933893229,58581.0616011761,64389.9392690013,70142.1882453501,78622.5596575917,...
68,Georgia,11620.942438490802,13789.9132182153,16993.7787897225,19074.8523036296,17985.954595150903,20743.3642488422,24343.9865834647,26167.2835032558,26847.3542490551,29150.481302203203,31755.5556346672,34028.4521928998,37846.61794259539,41077.456527085,...
69,Germany,2288310,2385080,2499550,2546490,2445730,2564400,2693560,2745310,2811350,2927430,3030070,3134100,3244990,3344370,3435990
70,Ghana,22222.697842013,26379.693221470698,31743.519310735,40635.8222491228,48988.686908985495,61595.5097071976,81102.88295733121,101471.200573647,123650.009586178,155432.54710358,180399.04338915303,215077.044658611,256671.374728991,300596.054637949,...
71,Greece,199242.311837,217861.568188,232694.592662,241990.389907,237534.181456,226031.447205,207028.87534,191203.907935,180654.276255,178656.479434,177258.355925,176487.946676,180217.594577,184713.607204,...
72,Grenada,1877.499758,1886.491771,2048.445716,2230.140259,2082.450865,2081.742865,2102.370963,2159.681751,2275.07426,2461.04,2691.92,2866.43,3039.35,3198.7582698691904,...
73,Guatemala,207729,229836.1,261760,295871.5,307966.6,333093.4,371011.5,394723.1,423097.7,454052.7,488128.1,521836.9,555648.9,...,...
74,Guinea,16422581.4754999,21728000,26369000,32046000,32248000,39289700,45176000,51605043.0809371,57865000,61663600,65829000,77086000,93664324.4243308,109022758.654708,...
75,Guinea-Bissau,309516,309467,333565,387197,390403,420515,518288,505078.658709,516662.15726857,520872.30074262,619725.717819832,698684.503573191,784042.395347079,793129.236522688,...
76,Guyana,262250.063297138,291965,352152,391506,413113,460072,525670,584784.032556833,613652.687611968,635377.235489254,660226.6889225789,723580.5858110909,744608.3930897829,805663.6413197011,...
77,Haiti,168035,197138,220110,250590,267880,266952,302854,328061,364517,391635,423644,481212,551911,631829,...
78,Honduras,183747.4,206288.1,233567.1,262416.8,275632.2,299286,335027.8,361348.6,376539.4,414633.4,460405.2,495922,542569.7,...,...
79,Hungary,22549020,24316299,25701369,27217365,26458264,27268875,28370786,28847930,30290327,32694208,34785204,35896329,38835221,42661805,...
80,Iceland,1058881.762019,1208248.362822,1378140.950722,1574729.287581,1627656.567642,1672719.011665,1757694.907827,1841728.731546,1958961.068366,2073560.486401,2293947.829542,2490936.383463,2612972.710707,2812005.529694,...
81,India,36933687.9227591,42947059.2668847,49870895.6767538,56300600,64778300,77841200,87363300,99440100,112335200,124451300,136820400,151837100,167731463.492645,190101641.933033,...
82,Indonesia,3017393800,3631835300,4297113400,5414841900,6011375000,6864133100,7831726000,8615704500,9546134000,10569705300,11526332800,12401728500,13587212600,14837357500,...
83,"Iran, Islamic Republic of",2060757402.40665,2486861686.17648,3263076886.16401,3893894371.02878,4073178920.8947,4990403789.02487,6364368558.43629,7283991299.2308,9842618652.11575,11260089217.7773,11129032802.7785,12722849000,14807100800,18689543232.8322,...
84,Iraq,73533598.6,95587954.8,111455813.4,157026061.6,130642187,162064565.5,217327107.4,254225490.7,273587529.2,273603020.371225,207224007.260247,201427262.236845,227367353.677028,...,...
85,Ireland,170186.988763,184993.731989,197202.049467,187769.054283,170100.54899,167732.300808,170826.991086,175115.658714,179661.256464,194818.204374,262833.4178,271683.617837,297130.837613,324038.189031,...
86,Israel,639626.9964,686346.1156,735182.75,775385.3386,815827.095,874903.9896,935568.5891,991666.5477,1056638.4733,1107576.9396,1165323.6386,1224951.0439,1271555.266,1330617.6781,...
87,Italy,1493635.3,1552686.8,1614839.8,1637699.4,1577255.9,1611279.4,1648755.8,1624358.7,1612751.3,1627405.6,1655355,1695590.1,1736601.8,1765421.4,...
88,Jamaica,700275,784336,885632,997444,1065316,1152780,1240701,1314127,1431934,1541750,1659405,1760988,1897303,2002836.55908865,...
89,Japan,524132900,526879700,531688200,520715700,489501000,500354000,491408400,494957100,503175500,513876000,531319800,535537200,545897400,547125500,...
90,Jordan,8925.363708629999,10675.36833857,12131.4223432276,15593.4114808658,16912.2092716171,18762.0193502954,20579.9996384752,22275.5751128362,24187.2546403925,25795.058539412603,26920.4723683696,27830,28903,29984.218779939,...
91,Kazakhstan,7590594,10213731,12849794,16052919,17007647,21815517,28243053,31015187,35999025,39675833,40884134,46971150,54378857.8,61819536.4,...
92,Kenya,1586738.64565322,1862040.7,2151349.3,2483058,2863688,3169301,3725917.6,4261370,4745088,5402645,6284187,7022963.3,8144372.5,8904983.9,...
93,Kiribati,146.83938318955,146.391968770834,158.55550729032902,168.150889814718,169.788801351718,170.202195847004,176.163149442263,183.620802009167,191.740439464215,198.437647133339,225.142971058388,244.223057481116,257.313316456847,...,...
94,"Korea, Republic of",957447800,1005601500,1089660200,1154216500,1205347700,1322611200,1388937200,1440111400,1500819100,1562928900,1658020400,1740779600,1835698200,1893497000,...
95,"Kosovo, Republic of",...,...,...,3882.77,4069.63,4401.97,4814.54,5058.77,5326.62,5567.5,5806.95,6070.05,6413.81,6725.91,...
96,Kuwait,23595.3,29469.5,32580.5,39619.8,30496.2,33079.1,42511.5,48722.2,49392.203,46284.995,34473.32,33055.75,36610.6,42474.9,...
97,Kyrgyz Republic,100899.2,113800.1,141897.7,187991.9,201222.9,220369.3,285989.1,310471.3,355294.8,400694,430489.4,476331.2,530476,557113.3,...
98,Lao People's Democratic Republic,32483363.9920378,39704193.4404841,45647649.377988,51950014.1450074,54789537.1193242,61996763.9131819,71961759.7303651,81609860.35599029,93867573.8522029,106797293.551009,117251584.105162,129279119.485707,140749000,152414000,...
99,Latvia,13586.676,17093.714,22589.514,24393.637,18884.898,17967.139,20319.305,21925.163,22803.013,23654.166,24425.959,25072.637,26797.833,29151.03,...
100,Lebanon,32396117.8349734,33238361.4416087,37496774.8562372,44060520.7100658,53482028.2784915,57917587.1075754,60414078.801101,66401356.282181,70055614.1691401,73150839.1057692,75239732.11869109,77611993.9554504,81682711.5203598,...,...
101,Lesotho,10214.6689233045,11499.4757595251,13484.8616965972,15543.7141313814,16225.7136085704,18162.044775009203,20680.6951345503,22590.0485830754,25385.4285272062,29274.415032669895,32405.368244364898,34325.1848993707,35735.0295372182,...,...
102,Liberia,755.100669512193,819.133343686805,926.464135079377,983.026010489108,1034.06250374796,1099.73942895554,1184.42368938639,1284.14955420118,1397.61247288341,1407.32102254805,1407.4205227612,1384.47858480724,1418.65622219599,...,...
103,Libya,59158,72032,85245.5017987847,90344.6,63689.1,87375.1,39171.1,100627.3,65994.4,30871,23748.420555676897,25753.31325471,42345.36997232409,...,...
104,Lithuania,21002.350536,24079.178429,29040.66205,32696.281588,26934.820475,27955.32674,31233.729983,33331.658497,34984.990179,36544.762363,37321.825343,38893.374449,42269.366857,45264.37689,48271.98734
105,Luxembourg,30031.04,33808.445,37178.871,38128.581,36976.517,40177.812,43164.646,44112.095,46499.56,49824.506,52065.808,54867.233,56814.211,60053.082,...
106,Madagascar,10093833.9545315,11816688.4169166,13759733.236098,16080899.3304573,16726271.5996376,18245130.026872,20033884.666573603,21773586.9278454,23397022.128863897,25774535.3987802,28584819.276008397,31769182.6125215,35834653.63974921,...,...
107,Malawi,432929.89772607,543784.717335403,620421.9,747723,873982.3,1047335.6,1252750.1774306002,1501732.51398034,2011120.43986108,2569690.52874175,3198515.5470317,3909583.6374582294,4527869.13551477,...,...
108,Malaysia,569371,625100,696910,806480,746679,833104,924685,985049,1033085,1122160,1176941,1249697,1371649,1446914,...
109,Maldives,14891.0138550763,20162.5197512533,23915.2308112828,29076.9925368367,30019.6626778892,33128.5206061338,40510.8681908213,44345.1907543685,50633,56866.7464597965,63147,67837,74866,82101.41936873911,...
110,Mali,3294055,3607837,3903961,4387928.1862,4812024.61645553,5288939,6123929,6352360,6540559.9984451905,7093033.0088870805,7747730.0000736,8308393.90141505,8927999.37507493,9538200,...
111,Malta,5149.327191,5386.143501,5757.484295,6128.676784,6138.623142,6599.507413,6833.615907,7167.552397,7647.309753,8510.44153,9658.669504,10365.643667,11332.095795,12378.787754,...
112,"Marshall Islands, Republic of",140.281059565738,146.681720202485,154.262928548134,155.265592783597,154.871668624469,168.31343060338398,175.544691471984,186.60737691008,192.305672298594,185.153947522788,181.34235650089,196.26830905779,222.2941025481,...,...
113,Mauritania,580032,816736.5,868012.732,960209,960857.581675087,1196771.37957163,1452353,1551695,1695792,1626476,1565054.98166633,1647183.5546134498,1759694.23252589,...,...
114,Mauritius,191393.373696948,222871,255211,284254,291756,307955,330647,350644,372397,392062,409893,434765,457464,...,...
115,Mexico,9562648.1125,10630939.4265,11504075.51225,12353845.28075,12162762.84575,13366377.17075,14665576.47175,15817754.584,16277187.078,17473841.5375,18551459.26575,20118100.92,21911893.79675,23491507.01725,...
116,"Micronesia, Federated States of",250.644025288801,253.90714677285,257.204432468304,263.528920318295,280.49350417082695,297.02930414183004,311.047678751034,326.489630200905,316.264375310175,318.05599616778,314.971078730196,322.531733052491,327.511907194373,...,...
117,Moldova,37651.87,44754.366,53429.572,62921.543,60429.803,71885.4742106839,82348.7025718995,88227.75258156931,100510.470711193,112049.57756331,122562.740929984,135396.791433729,176777.07577897,...,...
118,Mongolia,3530374.35518158,4807536.84626367,6285175.10757643,9451762.715826109,8592973.24333195,9756588.3,13173763.4,16688419.6,19174242.6,22227054.3,23150385.6,23942866.4,27895524.1,...,...
119,Montenegro,...,2169.631,2689.128,3103.331,2993.883,3125.09,3264.784,3181.477,3362.477,3457.922,3654.513537,3954.212294,4299.091223,4663.13037,...
120,Montserrat,131.96,139.34,145.99,154.99,160.39,149.88,171.99,168.83,160.61,159.26,159.87,169.663866,161.886544,...,...
121,Morocco,552670.8957798979,603737.2863981309,647532,716959,748483,784624,820077,847881,897923,925376,987950,1013559,1063297,1112567.76956146,...
122,Mozambique,175150.2637441,207448.09366210105,242038.012695313,279330.646484375,300269.919433594,344839.362792969,381691.5,433122.159179688,482233.4296875,531777.127929688,591678.608398438,687116,804463.5,...,...
123,Myanmar,13301288.4497741,17523649.0995482,22760533.0990965,28668308.2981929,34000503.6963859,38767719.4927718,43042326.3,48783573.85,54636007.25,61637322.35,68987945.1,74265404.9,82541752.1,94893425.7157428,...
124,Namibia,46176,54026,61582.894460948504,70110.5071395972,75214.18074265981,82599.1884549004,90107.5631519055,106863.60049927,122791.539413452,138763.474952698,150082.590128899,166005.554854393,180605.366444349,192138.223823786,...
125,Nepal,589411.673207203,654084.128414334,727826.9665692779,815658.2010325771,988271.526941571,1192773.57386538,1366954.06721367,1527343.56557516,1695011.1042007,1964539.57671629,2130149.5743642,2253163.1013304302,2674492.7536631003,3031033.56298446,3464319.12451025
126,Netherlands,550883,584546,619170,647198,624842,639187,650359,652966,660463,671560,690008,708337,738146,774039,...
127,New Zealand,160758,169039,183347,189676,191996,201525,211301,216024,228039,240530,250811,265939,285123,297840,296754
128,Nicaragua,105776.8052,118837.710208102,136950.178465514,164602.37264976502,168791.309926038,187052.641847162,219182.209803069,247993.870962072,271529.826449625,308403.123361508,347707.292718916,380260.77398311,416012.811297302,413910.597382805,...
129,Niger,1776953,1906838,2052962,2419656,2548447,2832286,3024270,3544186,3788275,4069164,4288788,4510901,4726440,5162785.95776291,...
130,Nigeria,22269977.83,28662468.77,32995384.35,39157884.39,44285560.5,55469350.7,63713360.6,72599631,81009965.3,90136985.1,95177735.9,102575419.2,114899250.9,129086908.2,...
131,"North Macedonia, Republic of",308447.404641,334839.847956,372889.236713,414890.113,414621.901,437295.506,464186.331868,466703.343524,501891,527630.599365,558953.615457,594794.86282,618105.682352,658053.298285,...
132,Norway,1989987,2216317,2350173,2607090,2428481,2591479,2792683,2964053,3071224,3140814,3111168,3098148,3295382,3530860,...
133,Oman,11951.0258181799,14309.4672775757,16181.8284135396,23418.146470073298,18605.3257720663,21935.1,26152.5,29458.8,30292.6,31174,26499.5,25177.3,27144.9,30481.9,...
134,Pakistan,7005353.899983009,8216160,9239786,10637772,13199707,14866996,18276440,20046500,22385657,25168805,27443022.4951345,29075633,31922302.944406,34618576.4951592,...
135,Palau,184.468796875,189.028859375,194.630265625,198.024359375,183.369296875,183.4988125,193.143921875,211.10334375,223.388390625,243.14696875,280.37609375,300.12559375,286.32175,283.994875,...
136,Panama,16638.4595275843,18437.6858861932,21295.9842302566,25155.8886163219,27116.6355655268,29440.287582104495,34686.2243013535,40429.7343857152,45599.99400137259,49921.4643551175,54091.713775554905,57957.59421222181,62283.756584432194,65055.080455930496,...
137,Papua New Guinea,22681.5730476726,25390,28304,31512,32013,38752,42642,44372,47721,56760,57136,59312.3194142886,63835.9412579791,...,...
138,Paraguay,66335828.4084492,75681657.79783979,89866048.7998967,107235744.520821,110962162.519976,128989495.388502,141315799.807095,147275541.976653,166714586.870948,179721609.208657,188230723.323461,204447278.276417,219188416.871839,239909689.754271,...
139,Peru,244651,286314,319693,356131,365852,420737,470923,508717,546125,574301,609364,656168,698437,740806,...
140,Philippines,5677749.63715997,6271157.35996476,6892721.24260449,7720903.28267965,8026143.28770803,9003479.99155698,9708331.79892711,10561088.9767855,11538410.4748372,12634186.8110028,13322041.2726229,14480348.8028306,15807595.679172,17426201.969034,...
141,Poland,990463,1069815,1187599,1286063,1372201,1445298,1566824,1629425,1656895,1720430,1800243,1861148,1989351,2115242,...
142,Portugal,158552.704,166260.469,175483.401,179102.781,175416.437,179610.779,176096.171,168295.569,170492.269,173053.691,179713.159,186489.811,195947.21,203896.178,...
143,Qatar,162091,221611,290151,419582,355986,463488.56098287296,630883.256950676,667494.3821690041,687275.143440744,715637.5571107491,759674.502994737,814155.4644289,872109.1410049311,936289.1728217071,...
144,Romania,286861.9,342762.6,425691.1,539834.6,530894.4,528247,559244.8,593742.9,635459.4,668590.1,712587.8,765135.4,857895.7,952396.8,...
145,Russian Federation,23275971.331368,28992633.2509,35811039.415604,44459471.743383,41799422.005931,49879128.938084,60282540.51,68163883.11,73133895.09,79058484.03,83094304.61,86014204.3,92101347.82,103875800.38,...
146,Rwanda,1440000,1739000,2092000,2658000,3057000,3367000,3897000,4494000,4929000,5466000,5961000,6622000,7598000,8188000,...
147,Samoa,1292.2758945522,1389.43805438895,1500.74690155576,1695.84755565975,1667.73427305186,1621.2295691491,1765.12573028067,1842.95522652831,1838.9075548987,1866.41947569251,1948.9,2055.3,2133.2,...,...
148,San Marino,1575.34471917733,1668.2539057328702,1751.6821094012498,1810.4216098932,1651.6354901266,1566.6770524116,1435.43434637,1360.2500509212,1361.49034647,1348.01024413316,1373.2887888018302,1414.23536044,1454.75687595611,...,...
149,São Tomé and Príncipe,1374720.94996794,1742926.07126033,2004856.58647128,2763009,3044288.00215768,3652623.8041888103,4109906.750731259,4815929.96974114,5588960.92597497,6443697.29282773,6970059.95383076,7845970.502134009,8534909.986256849,...,...
150,Saudi Arabia,1230771.3423348798,1411491.0082741298,1558827.2750143702,1949237.76986673,1609117.1222963,1980777.36948702,2517146.02703367,2759905.66255749,2799926.73310548,2836313.4564906494,2453512.22648573,2418508.34107187,2582197.97904755,2934312.74084625,...
151,Senegal,5814186.782815441,6195122.54314498,6846791.16755854,7590205.556130529,7672183.508329,8030950.8556799805,8436390.27859229,9100358.93200691,9367088.49876332,9775039,10508650,11251675,12264864.6210334,...,...
152,"Serbia, Republic of",1846853.214769,2181034.62827,2523495.521698,2908444.685396,3052135.471154,3250581.33213,3612266.592338,3810057.925926,4121200.152368,4160548.46342,4312038.095617,4521264.662153,4754368.402983,5068588.503328,...
153,Seychelles,5055.067940929261,5610.32372967149,6926.45485771823,9147.15895365166,11533.4017671318,11705.4074626094,12609.1744768219,14519.3727107943,16014.5260214412,17119.1866532378,18339.8313745424,19014.0561754082,20444.3019932935,...,...
154,Sierra Leone,4769788.0190259,5583976.84702825,6443981.27737946,7470544.760647019,8308293.6360270595,10255614.1874337,12797213.3454126,16514296.4190318,21317122.3043608,22689365.851772603,21582034.5542144,24287825.5981656,26606738.3765549,...,...
155,Singapore,212074,234835,271249.8,271980.4,279858,322361.1,347111.2,363254.9,380963.7,394751.7,418073.6,427938.8,447283.5,...,...
156,Slovak Republic,50485.664,56361.425,63163.352,68590.534,64095.519,68092.964,71214.387,73483.822,74354.845,76255.856,79758.198,81038.379,84517.005,89720.961,...
157,Slovenia,29113.563309,31470.340919,35073.456199,37925.697675,36254.92707,36363.909426,37058.569458,36253.272037,36454.332673,37634.292006,38852.640732,40366.558195,42987.059923,45754.81794,...
158,Solomon Islands,3234,3585.2,3949.1,4712.5,4815,5493.14359507962,7127.23598050803,7825.04615626592,8249.81873434829,8645.83037265167,9138.70888676981,9779.93986520294,10309.2209818385,11019.469357349,...
159,Somalia,...,...,...,...,...,...,3499.01951910414,3610.98814371547,3892.4026847557,3963.5323089948,4048.8608714111906,4198.48540388058,4508.84534832722,4720.727278188309,...
160,South Africa,1639254,1839400,2109502,2369063,2507677,2748008,3023659,3253851,3539790,3807676,4049759,4338858,4651784.779564,...,...
161,South Sudan,...,...,...,32520.5,28252.2,36250.5,51629.7818074233,33237.0928624736,44073.5871836483,44544.0377783181,44600.8350327621,143381.27470165302,347685.42025140696,...,...
162,Spain,927357,1003823,1075539,1109541,1069323,1072709,1063763,1031099,1020348,1032158,1077590,1113840,1161878,1202193,1244757
163,Sri Lanka,2807108.75893381,3363199.1622996298,4095662.1625123294,5047845.29365908,5533795.2301963,6413668,7219106,8732463,9592125,10361151,10950621,11996084,13418288,14449932,...
164,St. Kitts and Nevis,1472.58,1739.92,1861.07,2028.31,2019.22,2052.47,2208.24,2161.87,2267.03,2246.57,2299.94,2421.99,2544.16,2646.43,...
165,St. Lucia,2743.02,3063.3225771317702,3457.89938434245,3474.11298365742,3454.5328620804603,3780.9743628818,3904.40924622225,3888.04552002042,4006.29874476393,4209.49475029666,4479.5994149874605,4594.31143184391,4905.167572062041,5188.98545685892,...
166,St. Vincent and the Grenadines,1487.04367374129,1649.8307677724,1847.92454296058,1877.5788716273896,1822.14729508767,1839.3087417130896,1825.46255408395,1870.96130793383,1947.27483081478,1964.82856249669,2039.60360528049,2090.98695900577,2138.9013388988,...,...
167,Sudan,85707.129,98291.904,119837.267,135511.713,134214.71561653502,170992.986884785,209071.438144517,225798.138393037,314075.67866427195,440700.29027528496,517221.550569371,639604.290046703,830385.538597866,...,...
168,Suriname,6105.915,7206.323,8060.53,9698.054,10638.423,11993.0156,14451.8811,16433.675,16980.662,17294.421,16490.52050518,20420.22213895,25598.5503661236,...,...
169,Sweden,2912659,3100495,3298111,3397143,3330277,3570093,3719138,3732539,3808314,3980966,4248213,4415799,4621046,4833792,...
170,Switzerland,508900,540289,576088,600431,589213,608831,621256,626414,638177,649718,654258,661504,669542,689545,...
171,Syrian Arab Republic,1506440,1726404,2020838,2448060,2520705,2791775,...,...,...,...,...,...,...,...,...
172,Tajikistan,7201.14147368998,9272.2,12779.7,17609.3,20622.8,24704.7,30069.3,36161.1,40524.5,45605.2,48401.6,54471.1,61093,68844,...
173,Tanzania,19387989.6299094,23633853.875514302,27155835.3881458,33236643.722396,38269962.1662251,44467108.3057094,53522183.4717511,62318658.6080441,72977199.8241934,82603387.2761984,94349315.5637153,108362324.289516,118744498.437214,129364353.341821,...
174,Thailand,7614409,8400655,9076307,9706932,9658656,10808151,11306894,12155392,12771232,13230823,12436459.014,12765819.89,13590061.97,16353116,...
175,"Timor-Leste, Dem. Rep. of",1813.7,2657.9,2881,4391.3,3199.6,3998.7,5681.9,6671,5649.8,4045.4,3104.4,2521,2774.65337341138,...,...
176,Togo,1202931,1228528,1274416,1482360,1589243,1696830,1824891,1977542,2134464,2259047,2471777,2643472.37494248,2769476.06505962,...,...
177,Tonga,549.55,596,632.729172949553,664.041473953356,688.23308852996,743.8899803164869,787.085572854867,790.1836611633511,793.4880765828219,821.968235919225,868.7017423565741,953.4463489691581,1036.0741455039902,1073.05362530815,...
178,Trinidad and Tobago,101862.910133062,117411.609030092,138819.87253074,177319.401749164,123460.766216775,143588.643502272,165291.936163664,163902.215522673,173074.83363191102,174098.768550126,154694.592795289,151043.35019837602,154430.956364318,...,...
179,Tunisia,41870.998003487395,45756.16656336299,49857.4990532902,55267.799789936995,58890.3224355017,63054.793,64492.231118467906,70354.4357609211,75151.5567794528,80816.04652102,84648.2,89804.4,96660.82,...,...
180,Turkey,673702.943,789227.555,880460.88,994782.858,999191.849,1160013.978,1394477.166,1569672.114,1809713.087,2044465.876,2338647.494,2608525.749,3110650.155,3724387.936,...
181,Turkmenistan,17860.7,22248.9,27000.2,49470,57611,64362,83315,100218,111713,124044,125298.7,126630,132741.9,...,...
182,Tuvalu,28.3885284494916,30.4015023427409,32.285676249553,36.0861470783405,34.7265777924389,34.5024490239934,37.5311170072423,36.3833614944228,38.8519486429159,41.3701777723537,47.243491200823705,49.1696519113247,52.5402535471825,...,...
183,Uganda,22906091.726897,26621462.949903894,31160542.0734637,39821278.9739026,50535226.7068085,58957000,66747000,71788000,78208500,86470000,95287000,104126000,114212500,124203000,...
184,Ukraine,457325,565018,751106,990819,947042,1079346,1299991,1404669,1465198,1586915,1988544,2385367,2983882,3558706,...
185,United Arab Emirates,663317.651061908,815722.967306713,947197.0563484089,1158580.52630964,931152.6749976379,1064244.4198994,1287821.09944525,1375684.19034174,1432669.89835403,1480521.3946721798,1315250.5833843,1311248.3354781598,1405006.83410744,...,...
186,United Kingdom,1396274,1474923,1549821,1589931,1547563,1601927,1659784,1712321,1782109,1861964,1916896,1995479,2071667,2144304,...
187,United States,13036637,13814609,14451859,14712845,14448932.5,14992052,15542581.75,16197007.25,16784850.5,17527258.25,18224780.25,18715040.5,19519423.5,20580223,...
188,Uruguay,425018.44812484697,471344.12336871907,549469.550275907,636150.9084814561,714523.445734602,808078.5028307341,926356.145179547,1041210.52185409,1178331.7090061202,1330508.359538,1455848.22120128,1589195.37361914,1707108.63093191,1831132.17143862,...
189,Uzbekistan,19511098.4909798,25436574.280857,34536827.8311451,46251402.427212104,60092257.16517071,75320468.9439016,94200622.08695771,117121772.075661,144548256.94701,177153887.999575,210183364.606905,242495443.745871,302536932.404893,407514470.098,...
190,Vanuatu,43145,48611,53927,61607,65117,67911,70873,72415,75803,79109,82798,87250,93732.8495,...,...
191,"Venezuela, Republica Bolivariana de",304086.815,393926.24,494591.535,677593.637,707262.549,1016834.748,1357487.061,1635451.06,2245844,3031242.431,6025329.791,23751849.491,...,...,...
192,Vietnam,914000838.53973,1061564518.7912,1246769288.99484,1616047128.951,1809148949.95394,2157828496.77162,2779880236.02457,3245419227.08556,3584261592.1235,3937856083.14928,4192862308.95378,4502732989.46914,5005975487.42807,5535267496297.68,...
193,West Bank and Gaza,4831.8,4910.1,5505.8,6673.5,7268.2,8913.1,10465.4,11279.4,12476,12715.6,12673,13425.7,14498.1,...,...
194,"Yemen, Republic of",3208501,3760038.2272,4308635.62003519,5375824.6935641905,5097593.176225441,6786813.13,6996908.1423793305,7586549.61556948,8684829.51307957,9289390.4017674,9797602.983866962,8890543.20145827,10005656.0692431,...,...
195,Zambia,37189.302457334605,45964.2382610741,56262.9743393523,67088.703213767,77348.3481225092,97215.9153738609,114029.66594194,131271.902855891,151330.782889331,167052.50027691902,183381.071945603,216098.076168534,244704.454059823,...,...
196,Zimbabwe,8075.010956458181,7297.71218070831,6993.50730327439,5974.26667892375,9666,12042,14102,17115,19091,19496,19963,20549,22041,...,...
197,Eastern Caribbean Currency Union (ECCU),11814.033,13180.115,14546.485,15303.14,14524.07,14437.242,14751.782,15046.108,15490.466,16248.003,...,...,...,...,...
198,West African Economic and Monetary Union (WAEMU),24967900,26349380,28127850,31762700,33335370,36031830,37815630,42004180,44792230,48009600,...,...,...,...,...
