Time,Time Code,Country Name,Country Code,"Population, total [SP.POP.TOTL]",Population growth (annual %) [SP.POP.GROW],Poverty headcount ratio at national poverty lines (% of population) [SI.POV.NAHC],"GNI, Atlas method (current US$) [NY.GNP.ATLS.CD]","GNI per capita, Atlas method (current US$) [NY.GNP.PCAP.CD]","Life expectancy at birth, total (years) [SP.DYN.LE00.IN]","Fertility rate, total (births per woman) [SP.DYN.TFRT.IN]","Adolescent fertility rate (births per 1,000 women ages 15-19) [SP.ADO.TFRT]","Contraceptive prevalence, any methods (% of women ages 15-49) [SP.DYN.CONU.ZS]",Births attended by skilled health staff (% of total) [SH.STA.BRTC.ZS],"Mortality rate, under-5 (per 1,000 live births) [SH.DYN.MORT]","Prevalence of underweight, weight for age (% of children under 5) [SH.STA.MALN.ZS]","Immunization, measles (% of children ages 12-23 months) [SH.IMM.MEAS]","Prevalence of HIV, total (% of population ages 15-49) [SH.DYN.AIDS.ZS]","Water productivity, total (constant 2010 US$ GDP per cubic meter of total freshwater withdrawal) [ER.GDP.FWTL.M3.KD]",GDP (current US$) [NY.GDP.MKTP.CD],GDP growth (annual %) [NY.GDP.MKTP.KD.ZG],"Inflation, GDP deflator (annual %) [NY.GDP.DEFL.KD.ZG]",GDP per capita (current US$) [NY.GDP.PCAP.CD],"Mortality rate attributed to unsafe water, unsafe sanitation and lack of hygiene (per 100,000 population) [SH.STA.WASH.P5]",People using at least basic drinking water services (% of population) [SH.H2O.BASW.ZS],People using safely managed drinking water services (% of population) [SH.H2O.SMDW.ZS],Public private partnerships investment in water and sanitation (current US$) [IE.PPN.WATR.CD],People using at least basic sanitation services (% of population) [SH.STA.BASS.ZS]
2016,YR2016,Afghanistan,AFG,35383128,2.77831740938728,54.5,19605172555.0863,550,63.763,4.8,75.325,..,..,67.6,..,64,0.1,..,18017749073.9033,2.26031420454613,-2.19752646755639,509.218661332126,13.9,64.2864836343148,..,..,42.0541827707493
2016,YR2016,Albania,ALB,2876101,-0.159880412127734,..,12421239109.9131,4320,78.194,1.659,19.8596,..,..,9.4,..,96,0.1,..,11861200797.4706,3.31480475341897,-0.632442858667801,4124.05572595352,0.2,91.0203701494956,69.9843294767126,..,97.7048765530935
2016,YR2016,Algeria,DZA,40551404,2.05135458384022,..,177513881407.668,4380,76.298,3.052,10.368,..,..,24.8,..,94,0.1,..,159994837855.12,3.19999999999973,1.54894437629342,3945.48208133854,1.9,93.515850975676,..,..,87.5423164577779
2016,YR2016,American Samoa,ASM,55741,-0.127293769933909,..,..,..,..,..,..,..,..,..,..,..,..,..,652000000,-2.76923076923077,1.44774890365578,11696.9555623329,..,99.696437406199,12.5653362063006,..,55.6075544525389
2016,YR2016,Andorra,AND,77297,-0.91946973790053,..,..,..,..,..,..,..,..,3.4,..,97,..,..,2896679211.86628,3.70967806978986,0.347795381575793,37474.6654057245,..,100,90.64,..,100
2016,YR2016,Angola,AGO,28842484,3.37827278015957,..,108710652624.125,3770,59.925,5.686,153.9008,13.7,49.6,84.2,..,45,1.9,..,101123851090.455,-2.58004964404932,21.7742400179127,3506.07288506966,48.8,55.0842762884068,..,..,48.6279447858576
2016,YR2016,Antigua and Barbuda,ATG,94527,1.02184383470454,..,1283580999.79159,13580,76.617,2.003,43.6256,..,..,7.4,..,88,..,..,1436585185.18519,5.49778845610642,1.87238795788296,15197.6174551735,0.1,96.7391862762709,..,..,87.5042823844152
2016,YR2016,Argentina,ARG,43590368,1.05718157762752,30.3,532590253761.792,12220,76.221,2.288,62.939,..,..,10.9,..,90,0.4,..,557531376217.967,-2.08032784377811,41.1193799882279,12790.2424732447,0.4,99.078374648261,..,..,94.2585054176821
2016,YR2016,Armenia,ARM,2936146,0.361431439301066,29.4,11045765150.2086,3760,74.64,1.744,22.1604,57.1,99.8,13.7,2.6,97,0.2,..,10546135160.031,0.199999999825991,0.268575076501392,3591.82927553023,0.2,99.8985355749982,83.0059759610227,200000000,93.4069715588385
2016,YR2016,Aruba,ABW,104872,0.507617729505083,..,2785650095.84972,26560,75.868,1.872,23.8416,..,..,..,..,..,..,..,2965921787.7095,2.09999958566985,-0.501260338397714,28281.35048163,..,97.8690233809859,..,..,97.5434811165022
2016,YR2016,Australia,AUS,24190907,1.56194049810399,..,1309758706101.23,54140,82.4487804878049,1.752,11.8324,66.93,..,3.8,..,95,0.1,..,1208846993739.99,2.7706521973025,-0.533000346373001,49971.131456129,0.1,99.9699720221132,..,..,99.9911523822512
2016,YR2016,Austria,AUT,8736668,1.08139629872802,14.4,403675052292.699,46200,81.6414634146342,1.53,7.5648,..,98.4,3.6,..,95,..,..,395568644341.038,1.98943716230463,1.84829469843848,45276.8314351693,0.1,100,98.9078075069934,..,99.9748135182502
2016,YR2016,Azerbaijan,AZE,9757812,1.11785721013911,..,46471710632.4044,4760,72.493,1.9,54.5184,..,99.8,24.6,..,98,0.1,..,37867518957.1975,-3.06359845351251,14.6283390014428,3880.73873089556,1.1,90.7103154712345,73.0150031464696,..,92.4830948823569
2016,YR2016,"Bahamas, The",BHS,377931,0.990519135690286,..,11038448292.9161,29210,73.329,1.771,30.5602,..,..,13.6,..,89,..,..,11928500000,1.44403648889057,0.409024833678146,31562.6397411168,0.1,98.8869604973405,..,..,94.9305823307593
2016,YR2016,Bahrain,BHR,1425791,3.85658246125791,..,30761273467.3951,21570,76.899,2.033,13.493,..,..,7.4,..,99,..,..,32234973404.2553,3.55812811897778,0.247278734320417,22608.484275925,0.1,100,98.9832621252058,..,100
2016,YR2016,Bangladesh,BGD,157970840,1.0913004822347,24.3,216290502384.802,1370,71.785,2.09,84.0906,..,49.8,35.7,..,97,..,..,221415188000.475,7.11347821327269,6.72785241008975,1401.62062821515,11.9,96.8825303367953,55.4912629602883,..,47.0058028392138
2016,YR2016,Barbados,BRB,285796,0.165289293829959,..,4550283901.6365,15920,78.888,1.613,35.3818,..,..,13.7,..,92,0.9,..,4830000000,2.47869868319133,-0.0387146728610048,16900.166552366,0.2,98.4844461617788,..,..,96.855551592924
2016,YR2016,Belarus,BLR,9501534,0.125511109801562,5.7,53407723143.7664,5620,73.8268292682927,1.733,15.8802,..,..,3.8,..,98,0.4,..,47722657820.6675,-2.52644643552364,8.34191705022138,5022.62664330491,0.1,96.474183664476,94.4974324499365,..,97.7777512941361
2016,YR2016,Belgium,BEL,11331422,0.506300002451376,15.9,491386576536.751,43360,81.4390243902439,1.68,4.9266,..,..,3.8,..,96,..,..,475739588764.759,1.26668640902095,1.92085069495049,41984.1030335609,0.3,99.999998656605,99.5231843254345,..,99.4860576241743
2016,YR2016,Belize,BLZ,368400,2.04769588411266,..,1596135101.32786,4330,74.219,2.391,69.3254,51.4,96.8,14.5,..,95,..,..,1775100000,0.0850811970554588,2.88844457245139,4818.40390879479,1,97.5845395429573,..,..,87.5347760228182
2016,YR2016,Benin,BEN,10872067,2.76140949283081,..,12104023692.2275,1110,60.885,4.977,88.1498,..,..,97.4,..,68,1.1,..,11821066152.5979,3.33967342629693,0.683591111274652,1087.28783152256,59.7,66.3202399725975,..,..,16.3511377872339
2016,YR2016,Bermuda,BMU,64554,-1.0469518831338,..,6689406375.36548,103620,81.2270731707317,1.61,..,..,..,..,..,..,..,..,6899911000,-0.657206304259205,4.37320384221451,106885.878489327,..,99.9031400170636,..,..,99.9031400170636
2016,YR2016,Bhutan,BTN,736709,1.20622662373157,..,1949050274.46308,2650,70.781,2.014,21.745,..,89,31.8,..,97,..,..,2158972129.00307,8.1270335383894,4.38341129091111,2930.56298891838,3.9,97.2076254256019,35.9973189576214,..,68.2824838214476
2016,YR2016,Bolivia,BOL,11031813,1.4801327840246,39.5,33490607688.642,3040,70.626,2.829,66.4978,66.5,89.8,29.5,3.4,94,0.2,..,33941126200.0606,4.26392083751466,-1.35487053613082,3076.65894989886,5.6,92.1768992020207,..,..,58.8000080540831
2016,YR2016,Bosnia and Herzegovina,BIH,3386267,-1.26458117389827,..,17382031578.987,5130,76.998,1.286,10.125,..,..,6.2,..,68,..,..,16913330693.9653,3.14980691561182,1.40695922359491,4994.68314045091,0.1,96.151261804966,88.833356201408,..,95.3361487686584
2016,YR2016,Botswana,BWA,2159944,1.83285279210013,..,14177995135.117,6560,68.178,2.942,46.4788,..,..,43.6,..,97,21.9,..,15646354089.458,4.30376744802675,11.9535220945229,7243.87025286676,11.8,89.4044400846727,..,..,76.0173099341028
2016,YR2016,Brazil,BRA,206163058,0.823748231993439,..,1839984300138.5,8920,75.23,1.747,60.0994,..,..,16.4,..,95,0.5,..,1795700168991.49,-3.27591690782192,8.10360435870246,8710.09668954121,1,97.8479856204928,..,222700000,87.426360059913
2016,YR2016,British Virgin Islands,VGB,29355,0.693936843860153,..,..,..,..,..,..,..,..,..,..,..,..,..,..,..,..,..,..,99.8643835616439,..,..,96.8579794836767
2016,YR2016,Brunei Darussalam,BRN,419800,1.17240086547234,..,13925709037.9361,33170,75.45,1.915,11.1058,..,100,10.8,..,98,..,..,11400854267.7188,-2.47791771833224,-9.16786161646344,27157.8234104784,0.1,99.9000090900827,..,..,..
2016,YR2016,Bulgaria,BGR,7127822,-0.701382097841331,23.4,52930202521.5144,7430,74.8121951219512,1.54,40.6392,..,..,7.7,..,92,0.1,..,53806894796.3801,3.82043453021177,2.5375122965029,7548.85500737534,0.1,99.1481753394065,96.9673381433233,..,85.9933057341552
2016,YR2016,Burkina Faso,BFA,18646378,2.91531907101852,..,12626356407.4306,680,60.354,5.353,106.5448,25.52,..,97,18.9,88,0.9,..,12833363370.174,5.95797670754024,2.60429919226561,688.249662758849,49.6,48.2677168842811,..,..,19.1262790401477
2016,YR2016,Burundi,BDI,10487998,3.17701608653719,..,2800630926.81342,270,60.528,5.599,56.61,..,..,64.1,29.3,93,1.2,..,2959640987.29943,-0.600020000546493,0.960470190066005,282.193130404814,65.4,60.2041520313755,..,..,45.8510192551699
2016,YR2016,Cabo Verde,CPV,531146,1.21283174421296,..,1662600199.69178,3130,72.347,2.346,74.7374,..,..,18.1,..,93,0.6,..,1662998678.36743,4.70579148684654,-0.231686786767426,3130.96338552381,4.1,86.4879869932388,..,..,72.2460008187226
2016,YR2016,Cambodia,KHM,15766293,1.56522705123264,..,17922793947.209,1140,68.977,2.559,49.9048,..,..,30.1,..,84,0.6,..,20016747754.0192,7.03096677600881,3.38084593978714,1269.59125737542,6.5,76.9453742461335,25.2451426949273,..,56.6015009560733
2016,YR2016,Cameroon,CMR,23926539,2.66049460889168,..,33119808668.9996,1380,58.063,4.708,108.8318,..,..,84.5,..,71,3.5,..,32643697595.8378,4.64848155087741,1.09463961644347,1364.33011041997,45.2,60.155720367573,..,..,38.8474046534115
2016,YR2016,Canada,CAN,36109487,1.13234865466606,..,1584260069827.36,43870,81.9,1.5433,9.0084,..,..,5.2,..,89,..,..,1528243213982.08,1.00139441390405,0.75403003025545,42322.4847803038,0.4,99.4126238059534,98.8134976105464,..,99.324530417856
2016,YR2016,Cayman Islands,CYM,62569,1.35971135735509,..,2870195334.97124,45870,..,..,..,..,..,..,..,..,..,..,4909498942.67103,3.23997743764495,1.00008804877049,78465.3573282461,..,96.125,..,..,83.654025
2016,YR2016,Central African Republic,CAF,4537687,0.985894485598455,..,1869960265.6546,410,51.593,4.87,130.9522,..,..,121.6,..,49,3.9,..,1825018190.85071,4.75031684122339,2.98011408445535,402.191290596004,82.1,46.3337584314195,..,..,25.3196707449267
2016,YR2016,Chad,TCD,14561666,3.14395958930813,..,10676159780.7491,730,53.438,5.947,164.516,..,..,125.6,..,37,1.3,..,10097778353.7651,-6.25552708545281,-1.40083927949904,693.449386475774,101,38.8525907769535,..,..,8.58336858844236
2016,YR2016,Channel Islands,CHI,166923,0.925653900450638,..,..,..,82.6,1.527,7.2438,..,..,..,..,..,..,..,..,..,..,..,..,94.15,91.975,..,98.5
2016,YR2016,Chile,CHL,18209068,1.32520160643522,..,243404111279.754,13370,79.779,1.713,43.602,76.2635245751857,..,7.7,..,93,0.5,..,250440136356.127,1.71108928867399,4.46991928267839,13753.5944374598,0.2,99.6221801777163,98.4639654416685,..,100
2016,YR2016,China,CHN,1378665000,0.541478512050099,4.5,11398879076651.9,8270,76.21,1.675,7.5834,..,..,9.9,..,99,..,..,11233276536737.2,6.84876220493844,1.40734602722661,8147.93770548839,0.6,92.3040465732073,..,950170000,83.2351730239196
2016,YR2016,Colombia,COL,48175048,1.3676499516175,28,311185698868.846,6460,76.732,1.843,67.9844,..,95.5,15.1,3.7,93,0.5,..,282825009887.458,2.08738250162794,5.14833430514589,5870.77795724164,0.8,96.961805823633,72.9978979109839,..,88.5869940204514
2016,YR2016,Comoros,COM,795592,2.31006015456056,..,1048941073.95089,1320,63.7,4.347,67.17,..,..,69.5,..,90,0.1,..,1012835518.26037,3.3206800249451,1.71475697388566,1273.05895265459,50.7,80.1488534979581,..,..,35.8348916024195
2016,YR2016,"Congo, Dem. Rep.",COD,78789127,3.2829146280863,..,36861846430.5208,470,59.655,6.112,125.2448,..,..,93.9,..,57,0.9,..,37134799974.5225,2.39937909829007,4.34924913453844,471.318840409572,59.8,42.9767673864606,..,..,20.4260982701292
2016,YR2016,"Congo, Rep.",COG,4980999,2.53958563357028,..,11143205723.7533,2240,63.556,4.536,113.4524,..,..,52.6,..,67,3.1,..,10335424288.4306,-10.1903853384264,-3.49668718609159,2074.97015928544,38.7,72.1866564157086,44.7696323383487,..,19.5480531724779
2016,YR2016,Costa Rica,CRI,4899345,1.05757038052655,20.5,52758372799.7749,10770,79.738,1.789,54.7214,..,..,8.9,..,93,0.3,..,57157992434.1805,4.245989878198,2.00347227015865,11666.4559107759,0.9,99.6997637190126,93.7039007288698,..,97.5489766928287
2016,YR2016,Cote d'Ivoire,CIV,23822714,2.53609976063172,..,43878679818.8892,1840,56.567,4.759,118.9842,15.5,73.6,88,12.8,73,2.8,..,47964234560.0514,7.17920782392478,-2.09036144848072,2013.38246179891,47.2,72.7620467387605,36.3921924022467,..,31.3486226163171
2016,YR2016,Croatia,HRV,4174349,-0.69838345731273,20,51694889452.8333,12380,78.0219512195122,1.42,9.1792,..,..,4.9,..,90,0.1,..,51601147665.8089,3.49813499168994,-0.0988703290331188,12361.4838303671,0.1,99.5867545553663,89.9594907584319,..,96.5125725101914
2016,YR2016,Cuba,CUB,11335109,0.0911566712386982,..,84811579544.9567,7480,78.607,1.656,52.0242,..,99.9,5.5,..,99,0.4,..,91370000000,0.513761467889907,4.32669085021485,8060.79588647979,1,95.3245233850077,..,..,92.811458855482
2016,YR2016,Curacao,CUW,159664,1.06031644056836,..,3048978720.31427,19100,77.719512195122,1.7,29.3708,..,..,..,..,..,..,..,3122287932.96089,-0.986569701304816,0.0471975312056117,19555.3658492891,..,99.4977518475178,..,..,98.9502751182192
2016,YR2016,Cyprus,CYP,1170187,0.789478236253939,15.7,21040627314.7022,24700,80.513,1.345,4.6978,..,..,2.6,..,90,..,..,20953442550.3653,6.43805848146472,-0.556852392664652,24532.5190588269,0.3,99.6131993649831,99.6131993649831,..,99.2041337188527
2016,YR2016,Czech Republic,CZE,10566332,0.192048415842684,9.1,186730229841.29,17670,79.0268292682927,1.63,11.728,..,..,3.2,..,98,..,..,196272068576.338,2.5372845203138,1.14145060120347,18575.2320271915,0.2,99.8801694878577,97.8809979956058,..,99.1347835792682
2016,YR2016,Denmark,DNK,5728010,0.780392644135167,12.4,332444179525.382,58040,80.8536585365854,1.79,4.1856,..,94.4,4.1,..,94,..,..,313115929314.339,3.24595698524399,0.25459516653126,54663.9983719195,0.3,99.9999989314331,96.7359369825465,..,99.5972292785247
2016,YR2016,Djibouti,DJI,929112,1.64063785072582,..,2666225582.30384,2870,65.064,2.846,19.4152,..,..,63.2,..,75,1,..,2603554906.59464,6.65265037178067,0.447088261622525,2802.19705115707,31.3,75.6025127502438,..,..,62.3472119631012
2016,YR2016,Dominica,DMA,71307,0.174047345501049,..,523620783.623727,7340,..,..,..,..,96,32.1,..,96,..,..,576229629.62963,2.55649491313986,3.90735728394279,8080.96862341186,..,..,..,..,..
2016,YR2016,Dominican Republic,DOM,10397743,1.12250925652118,..,71379557038.0618,6860,73.471,2.387,94.9256,..,..,30.5,..,85,1,..,75704720189.6204,6.65920026162614,1.99367846412454,7280.88010923336,2.2,96.5763681047312,..,..,83.5395612297675
2016,YR2016,Ecuador,ECU,16491115,1.70688086036312,22.9,95799108262.7684,5810,76.365,2.475,79.9576,..,96.7,14.8,..,86,0.4,..,99937696000,-1.22638398463879,1.90164677546638,6060.09332904416,0.6,93.6820477408394,74.8514112329373,..,87.1765533612846
2016,YR2016,"Egypt, Arab Rep.",EGY,94447072,2.14522549036526,..,325198707864.424,3440,71.482,3.41,54.207,..,..,22.6,..,95,0.1,..,332441717791.411,4.34664345337812,6.24566313599021,3519.87320254259,2,99.0328567825418,..,..,94.0783437254313
2016,YR2016,El Salvador,SLV,6356143,0.489210768357071,32.7,22296692495.5378,3510,72.644,2.079,70.2702,..,99.9,14.7,..,90,0.6,..,24191440000,2.54653313501558,0.650454691525383,3805.99366628473,2,97.0638562514843,..,..,87.2276360584094
2016,YR2016,Equatorial Guinea,GNQ,1215179,3.91123234744071,..,10043892632.2575,8270,57.713,4.686,157.8528,..,..,90.8,..,53,6.9,..,11240809132.4145,-8.81641723219757,-6.28542211126992,9250.33195308226,22.3,64.4255187243777,..,..,66.2485414893345
2016,YR2016,Eritrea,ERI,..,..,..,..,..,65.111,4.164,54.1058,..,..,44.8,..,99,0.7,..,..,..,..,..,45.6,51.8497184170396,..,..,11.939966186728
2016,YR2016,Estonia,EST,1315790,0.0291122255540077,21,24227751409.4863,18410,77.6414634146342,1.6,9.3846,..,99.4,2.9,..,93,..,..,24259552888.9717,3.18781708302028,2.26990203739719,18437.2528207173,0.1,99.7116540274429,93.6488719039139,..,99.1397369617655
2016,YR2016,Ethiopia,ETH,103603501,2.70810630355162,..,68942747989.1675,670,65.482,4.456,68.9772,35.9,27.7,58.9,23.6,57,1.1,..,74296618481.0882,9.43348265784402,10.3979255406466,717.124592933285,43.7,40.0414232118597,10.8682588688281,..,7.09074000050604
2016,YR2016,Faroe Islands,FRO,48173,0.253575127560721,..,..,..,82.0463414634146,2.6,..,..,..,..,..,..,..,..,2738832687.13698,..,..,56854.102653706,..,100,..,..,..
2016,YR2016,Fiji,FJI,872399,0.43330839422274,..,4605358361.87497,5280,67.175,2.797,48.663,..,..,24.7,..,96,0.1,..,4930204219.71304,2.44475296721191,2.63422652269489,5651.31805482702,2.9,93.7446242000918,..,..,95.0692288909527
2016,YR2016,Finland,FIN,5495303,0.287421401687637,11.5,250032541347.117,45500,81.4292682926829,1.57,6.135,..,..,2.4,..,94,..,..,240607907010.383,2.81145776663433,0.0874254582934526,43784.2839622098,0.1,100.000002218197,99.631877265112,..,99.4478561836171
2016,YR2016,France,FRA,66724104,0.263868788565368,13.2,2606855506806.8,39070,82.5731707317073,1.92,5.1112,..,97.4,4.2,..,90,0.3,..,2471285607081.72,1.09546440372048,0.522559343400445,37037.3741861219,0.3,100.000001508888,97.7838283547191,..,98.6508061199955
2016,YR2016,French Polynesia,PYF,274575,0.529854315848876,..,..,..,77.024,1.973,39.1822,..,..,..,..,..,..,..,..,..,..,..,..,100,..,..,96.8546138296275
2016,YR2016,Gabon,GAB,2007873,3.04339515547628,..,14216590886.0959,7080,65.418,4.039,98.2148,..,..,47,..,64,3.8,..,14023890620.3384,2.09144220829562,-4.26975397974572,6984.45101873395,20.6,85.6270468713068,..,..,47.3663716700662
2016,YR2016,"Gambia, The",GMB,2149139,2.98860565833539,..,1339838091.8417,620,61.166,5.338,80.7266,..,..,57.8,..,97,1.9,..,1484579844.37143,1.94335965478776,7.82062274860979,690.778886042938,29.7,77.8272376731693,..,..,39.1229971328028
2016,YR2016,Georgia,GEO,3727505,0.0598165991047394,22,15220340445.5678,4080,73.207,2.059,47.456,..,..,10.2,..,93,0.3,..,15141758566.7808,2.90643878002064,2.61931829571066,4062.16988757379,0.2,98.1705496661917,79.8126568786138,..,90.2543744187345
2016,YR2016,Germany,DEU,82348669,0.807218538573871,16.1,3642367827161.09,44230,80.990243902439,1.6,8.0886,..,..,3.9,0.5,97,..,..,3467498002104.33,2.22999986782015,1.32775222269545,42107.5172703074,0.6,100,99.8,..,99.2249259262689
2016,YR2016,Ghana,GHA,28481946,2.24659926762795,23.4,51794806522.7747,1820,63.124,3.984,67.644,30.6,..,52.2,..,89,1.8,..,55009730600.0307,3.44779299129725,15.2493807198542,1931.38947036943,18.8,80.4357731312562,34.7519949384959,..,17.8059901318619
2016,YR2016,Gibraltar,GIB,33737,0.00296414862262541,..,..,..,..,..,..,..,..,..,..,..,..,..,..,..,..,..,..,100,100,..,100
2016,YR2016,Greece,GRC,10775971,-0.415913028277122,20.2,199941985251.473,18550,81.3878048780488,1.38,7.4862,..,..,4.4,..,97,..,..,195222443844.783,-0.190952352057238,-0.24413876344714,18116.4596531285,0.1,99.999997816999,99.999997816999,..,98.9795992833896
2016,YR2016,Greenland,GRL,56186,0.128227978389047,..,..,..,70.8487804878049,2,..,..,..,..,..,..,..,..,2707146783.13056,4.68195410972302,3.53778245812826,48181.874188064,..,99.9999991547239,96.7504132276044,..,99.5972348340332
2016,YR2016,Grenada,GRD,110261,0.602203220786764,..,920354480.116516,8350,72.408,2.104,30.4132,..,99.3,16.4,..,95,..,..,1061631222.22222,3.73561413158529,2.6472193929271,9628.34748662013,0.3,95.6286504435547,87.1152683516591,..,91.4938921337197
2016,YR2016,Guam,GUM,162951,0.676102623487922,..,..,..,79.391,2.358,33.11,..,..,..,..,..,..,..,5795000000,0.28907303912122,1.19608586147525,35562.8379083283,..,99.6952,99.5411734842493,..,90.3507655120101
2016,YR2016,Guatemala,GTM,15827690,1.65807331834237,..,61234006785.5206,3870,73.541,2.973,72.4582,..,..,27.2,..,86,0.3,..,66053725049.0138,2.6778030030534,2.70719084877847,4173.30166619474,6.3,93.7208920501672,55.6629525728379,..,65.0227453574811
2016,YR2016,Guinea,GIN,11738441,2.64448734263112,..,9099864198.82028,780,60.17,4.854,137.4098,8.7,62.7,105.2,18.3,47,1.5,..,8595955581.21787,10.8288068402291,5.66114962622648,732.291075213299,44.6,62.1081900672806,..,..,21.8889933728507
2016,YR2016,Guinea-Bissau,GNB,1782437,2.57057561074146,..,1165880135.08111,650,57.328,4.631,105.4184,..,..,87.3,..,86,3.6,..,1179004941.22904,6.26280563780463,6.09639967284818,661.456725387231,35.3,66.508234004791,..,..,20.4195511071678
2016,YR2016,Guyana,GUY,771366,0.51130929085933,..,4319884801.8766,5600,69.454,2.509,76.118,..,..,32.2,..,99,1.4,..,4482697336.56174,3.80748342886652,0.898145561217675,5811.3753219117,3.6,95.536351408231,..,..,85.7587234586326
2016,YR2016,Haiti,HTI,10839970,1.34132093428441,..,14446502729.5782,1330,62.896,3.041,52.854,..,..,68.5,..,69,2,..,13723267960.8434,1.72254483834551,12.898437444851,1265.98763288491,23.8,65.0230172994401,..,..,33.5993507553404
2016,YR2016,Honduras,HND,9270795,1.71763885480619,49.7,19699535435.24,2120,74.701,2.536,74.3484,..,..,18.6,..,96,0.3,..,21717622071.3816,3.89297219726413,3.67806814426042,2342.58465119568,3.6,94.2860317378187,..,..,80.2424818233943
2016,YR2016,"Hong Kong SAR, China",HKG,7336600,0.619366345332479,..,315260097663.604,42970,84.2268292682927,1.205,2.7682,..,..,..,..,..,..,..,320837638328.846,2.16942653450691,1.63771502183259,43731.1068245299,..,100,100,..,96.4622448979592
2016,YR2016,Hungary,HUN,9814023,-0.295110604845478,13.4,128609785331.78,13100,76.0634146341464,1.53,23.2462,..,..,4.7,..,99,..,..,128470534117.954,2.13999571174807,1.35206222675821,13090.5067287853,0.2,99.9708074608857,86.7582429060427,..,97.9931815860667
2016,YR2016,Iceland,ISL,335439,1.38808149583838,10.1,18498303849.0543,55150,82.2048780487805,1.74,6.8872,..,97.9,2.2,..,91,..,..,20618363251.6229,6.62703663431921,1.83844515203815,61466.8039542895,0.1,99.9999988526329,99.5704445097354,..,98.7826611990927
2016,YR2016,India,IND,1324509589,1.08988008026408,..,2226423518875.49,1680,68.897,2.266,16.152,53.5,81.4,40.9,..,88,..,..,2294797978291.98,8.2563058441893,3.23797436607092,1732.56426178428,18.6,91.8592753460184,..,..,56.9416551432333
2016,YR2016,Indonesia,IDN,261554226,1.21976561612446,10.9,890493674187.2,3400,71.035,2.362,47.9942,59.4,92.59,26.7,..,88,..,..,931877364177.742,5.03306918280177,2.43892408688207,3562.84575641971,7.1,88.6565339751424,..,..,71.2531326869839
2016,YR2016,"Iran, Islamic Rep.",IRN,79564016,1.3562482442792,..,437565593557.243,5500,76.047,2.083,39.4222,..,..,15.5,..,99,0.1,..,417983583565.54,13.3962426157521,1.60719243882785,5253.42490964182,1,95.2014944663961,91.732466546091,..,88.3552590553333
2016,YR2016,Iraq,IRQ,36610632,2.8772541284018,..,205633832998.204,5620,70.122,3.864,73.285,..,..,28.6,..,80,..,..,174896224010.152,15.2124627340908,-13.4018331718152,4777.19761871776,3,95.6129732711369,58.3170402421069,..,92.4269066518848
2016,YR2016,Ireland,IRL,4755335,1.12883406399428,15.6,249601484505.723,52490,81.6536585365854,1.81,8.1676,..,..,3.6,..,92,0.2,..,300523297823.576,3.67781580955584,-0.299570333494415,63197.0823976808,0.1,97.3834773889523,97.3114643530356,..,91.1466427754968
2016,YR2016,Isle of Man,IMN,83287,0.0636556371744733,..,6568606843.98709,78870,..,..,..,..,..,..,..,..,..,..,6846691871.45558,6.95231147466393,2.23677859363892,82206.0089984701,..,99.075,97.2075649516047,..,..
2016,YR2016,Israel,ISR,8546000,1.9603489624817,..,310445407298.663,36330,82.4073170731707,3.11,9.9942,..,..,3.8,..,97,..,..,318950599043.544,3.98204641920276,1.09130803063545,37321.6240397313,0.2,99.9999992549263,99.4350402403694,..,99.9999992549263
2016,YR2016,Italy,ITA,60627498,-0.169884073301448,20.3,1936753379554.83,31950,83.2439024390244,1.34,5.3708,..,..,3.4,..,87,0.3,..,1875797463583.87,1.29346273155907,1.13435002037254,30939.7142462298,0.1,99.4424943428778,95.0393856211047,..,98.7718901962979
2016,YR2016,Jamaica,JAM,2906238,0.524973438240183,..,13355247171.8687,4600,74.175,2.009,54.3564,..,..,15.2,..,95,1.4,..,14075894320.3166,1.37563872700204,4.66385201697477,4843.33847410864,0.6,90.6179199821545,..,..,87.3237950393943
2016,YR2016,Japan,JPN,126994511,-0.115284177050088,..,4807378684695.57,37860,83.9848780487805,1.44,3.9198,..,..,2.7,..,96,..,..,4922538141454.62,0.521944455486121,0.27040342760219,38761.8181501925,0.2,98.97,98.4083709339794,..,99.9024173222271
2016,YR2016,Jordan,JOR,9551467,3.02809153676581,..,38174554221.3034,4000,74.184,2.954,26.3184,..,..,17.1,..,96,..,..,39892551148.8301,1.99418081845471,1.3620065787224,4176.58891025118,0.6,98.9710548944377,93.8446422737665,..,97.4334805775801
2016,YR2016,Kazakhstan,KAZ,17794055,1.42204614032925,2.5,155999097702.372,8770,72.3,2.73,30.062,..,..,11,..,99,0.2,..,137278320084.171,1.09999999990164,13.6384336167435,7714.84184376024,0.4,95.0438082786512,87.5095624283639,..,97.8058174106679
2016,YR2016,Kenya,KEN,49051686,2.42114319740052,..,66244414314.1549,1350,65.393,3.663,77.293,61.6,..,47.8,..,96,5,..,69188755364.2995,5.87894929950137,5.55086793901192,1410.52756809011,51.2,58.2803541914568,..,..,29.296784785685
2016,YR2016,Kiribati,KIR,112524,1.42671604749201,..,328919157.703074,2920,67.577,3.651,17.1684,..,..,55.8,..,80,..,..,178328873.030033,5.13538328085485,0.173665616399973,1584.80744578963,16.7,70.3460712683404,..,..,46.5896811374499
2016,YR2016,"Korea, Dem. Peopleâ€™s Rep.",PRK,25307744,0.490819483634355,..,..,..,71.711,1.917,0.2882,..,..,20,..,99,..,..,..,..,..,..,1.4,94.8621012765638,66.7906723504612,..,82.4086071508094
2016,YR2016,"Korea, Rep.",KOR,51217803,0.396851823381145,..,1502014490137.9,29330,82.2756097560976,1.172,1.4564,..,..,3.4,..,98,..,..,1500111596236.37,2.94688171508626,1.98603850545349,29288.8704389833,1.8,99.6754021749902,98.103378689259,..,100
2016,YR2016,Kosovo,XKX,1777557,-0.596734073866868,..,7049701492.63908,3970,71.6463414634146,2.06,..,..,..,..,..,..,..,..,6719172016.82533,4.07095030498527,0.441802882772265,3780.00368867233,..,..,..,..,..
2016,YR2016,Kuwait,KWT,3956875,3.11310424602455,..,139808443981.995,35330,75.224,2.082,8.4444,..,..,8.5,..,99,..,..,109419728566.7,2.92586822591576,-6.83796631002545,27653.0667677649,0.1,100,100,..,100
2016,YR2016,Kyrgyz Republic,KGZ,6079500,2.0372244221997,25.4,6741189075.57581,1110,70.9512195121951,3.1,35.014,..,..,21.2,..,97,0.2,..,6813092065.83507,4.33585588866971,6.05056430433362,1120.66651300848,0.8,87.4269556817226,68.1477002904574,..,96.5211617957052
2016,YR2016,Lao PDR,LAO,6845846,1.54094346574822,..,14516395680.5671,2120,66.924,2.751,65.8612,..,..,51.3,..,66,0.3,..,15805692545.8723,7.02283625501138,3.02230644256338,2308.80048220079,11.3,79.941901992627,15.6830678057892,..,71.9300483856743
2016,YR2016,Latvia,LVA,1959537,-0.913885332226604,22.1,28967227370.4917,14780,74.580487804878,1.74,15.9946,..,99.9,4.5,..,93,0.4,..,28052325862.0461,2.37292412754951,0.861444794357752,14315.7928949778,0.1,98.574786371782,94.9847143022774,..,91.7819620526322
2016,YR2016,Lebanon,LBN,6711121,2.69490346984806,..,48489663190.2662,7230,78.8,2.104,14.8948,..,..,8,..,82,0.1,..,51205122503.8143,1.52952010700209,0.989907572660528,7629.89111711952,0.8,92.6,47.7,..,96.9208429487181
2016,YR2016,Lesotho,LSO,2075001,0.773100849082541,..,2692645491.08059,1300,52.059,3.197,91.9832,..,..,90.6,..,90,24.2,..,2165408359.1668,5.04708348177752,0.179180113295203,1043.56979064916,44.4,68.6289117890435,..,..,40.7734163335752
2016,YR2016,Liberia,LBR,4586788,2.52928313182972,50.9,2834795510.0064,620,62.802,4.461,136.578,31.2,..,89.3,13.6,80,1.7,..,3277826000,-1.59958407502,4.85079960775623,714.623392230031,41.5,72.4490013718414,..,..,16.8328071853236
2016,YR2016,Libya,LBY,6492164,1.14402890002729,..,29561975396.3036,4550,72.311,2.317,5.8402,..,..,12.8,..,97,0.2,..,26197143268.1243,-2.79546888990187,-2.55756346159349,4035.1943155047,0.6,98.5289473684209,..,..,100
2016,YR2016,Liechtenstein,LIE,37658,0.500480226864086,..,..,..,82.2585365853659,1.61,..,..,..,..,..,..,..,..,6237264055.20601,..,..,165629.190482925,..,100,100,..,99.95
2016,YR2016,Lithuania,LTU,2868231,-1.27069453298857,22.9,42710990657.0961,14890,74.6707317073171,1.69,11.3688,..,..,4.7,..,94,0.2,..,43018087237.5741,2.51882827307178,1.57625277213522,14998.1250595137,0.1,97.0737435855441,91.600943576325,..,92.8107230107065
2016,YR2016,Luxembourg,LUX,582014,2.15531198799205,18.7,39965711075.9082,68670,82.6853658536585,1.41,5.0624,..,..,2.9,..,99,..,..,60691483443.1221,4.57460105103911,0.770689461471491,104278.390971905,0.1,99.9068714203546,99.7651683364234,..,97.6055422480587
2016,YR2016,"Macao SAR, China",MAC,612836,1.76987320822609,..,40436128941.2151,65980,83.854,1.207,2.546,..,..,..,..,..,..,..,45387299721.0792,-0.718343471029229,0.907906830543695,74061.0860345658,..,100,100,..,..
2016,YR2016,North Macedonia,MKD,2080745,0.068123807192842,22.2,10364457255.9884,4980,75.498,1.506,16.1822,..,99.9,12,..,82,..,..,10672471860.7184,2.84820519363306,3.46525285653088,5129.15896023703,0.1,93.1526666551816,82.2074817609735,..,98.7025714971334
2016,YR2016,Madagascar,MDG,24894380,2.68818381201029,..,11649898829.1982,470,65.931,4.184,111.6784,..,..,56,..,59,0.2,..,11848615018.4137,3.9931460849989,8.96006404145453,475.955417183065,30.2,53.1846496293679,..,..,10.1206395331252
2016,YR2016,Malawi,MWI,17205289,2.70990355147984,51.5,5933337387.36934,340,62.681,4.407,134.9854,59.2,89.8,50,15,81,9.7,..,5433040159.88747,2.48404062641868,19.5441321372681,315.777326372575,28.3,67.9118401090138,..,..,25.9040021945149
2016,YR2016,Malaysia,MYS,30684804,1.3578645165386,..,311558622438.368,10150,75.649,2.037,13.361,..,..,8.2,13.7,93,0.4,..,301255380276.258,4.44978139761541,1.65825996642414,9817.73845699838,0.4,96.7246158652168,93.3145243581465,..,99.5648534335206
2016,YR2016,Maldives,MDV,475513,4.4283632941825,8.2,3835998337.36059,8070,78.013,1.947,8.4072,..,..,9.5,..,99,..,..,4379115587.82957,6.33752978959198,0.224932841714562,9209.24472691509,0.3,99.2392118110835,..,..,99.210698916376
2016,YR2016,Mali,MLI,17965429,2.97529528280165,46.8,13954244700.8852,780,57.987,6.057,171.0826,..,..,104.8,..,70,1.3,..,14025944550.3788,5.85229919941415,1.35112231370481,780.718598502648,70.7,76.5843496799287,..,..,37.7474511125357
2016,YR2016,Malta,MLT,455356,2.28861544064371,16.7,10705966694.0851,23510,82.4536585365854,1.37,12.9606,..,99.8,7.1,..,93,..,..,11665231192.2959,3.89120692508136,1.46997601841692,25617.8269140977,0.1,99.9999982230858,99.9999982230858,..,99.9588756324251
2016,YR2016,Marshall Islands,MHL,57735,0.514006028614916,..,246852667.99455,4280,..,..,..,..,..,34.7,..,75,..,..,200558400,1.30666588659997,7.24377137900998,3473.77500649519,..,87.3574840871447,..,..,83.2329466736467
2016,YR2016,Mauritania,MRT,4163534,2.85611024246197,..,6300890084.24314,1510,64.208,4.679,72.6426,..,..,80.3,..,72,0.2,..,6398744505.08129,1.26090922448303,11.2101297508573,1536.85414964338,38.6,68.8320178372271,..,..,45.9304323855632
2016,YR2016,Mauritius,MUS,1263473,0.0687231379365168,..,13446066141.518,10640,74.3948780487805,1.4,26.2642,..,99.8,14.5,..,92,1.3,..,12232463655.5727,3.83793262870846,2.14757012075557,9681.61856689674,0.6,99.8663966505618,..,..,95.5053785406077
2016,YR2016,Mexico,MEX,123333376,1.20325132906034,43.6,1158043959314.5,9390,74.917,2.186,61.486,..,..,15.7,4.2,96,..,..,1078490651625.31,2.63053242455089,5.60527751287923,8744.51577183222,1.1,98.8836793751173,42.6827426609801,..,90.3035709697183
2016,YR2016,"Micronesia, Fed. Sts.",FSM,110215,1.20488884057292,..,376139701.103721,3410,67.471,3.145,14.8504,..,..,32.5,..,70,..,..,332265200,0.900180416516932,4.04783780036301,3014.70035839042,3.6,78.5664790169678,..,..,88.3093315478836
2016,YR2016,Moldova,MDA,2802170,-1.148202157971,26.4,8914792444.09772,3180,71.617,1.259,23.0854,..,..,15.3,..,88,0.7,..,8071480540.86068,4.40888672378215,5.67408524875492,2880.43928129296,0.1,88.6850614286006,72.5871766346745,..,75.8282745084956
2016,YR2016,Monaco,MCO,38070,0.928913630423242,..,..,..,..,..,..,..,..,3.4,..,89,..,..,6472990923.1791,3.50000139074969,0.112545447972124,170028.655717864,..,100,100,..,100
2016,YR2016,Mongolia,MNG,3056359,1.91325183123449,29.6,10698197551.6236,3500,69.321,2.923,30.1106,..,..,18.8,0.8,98,0.1,..,11186734674.3847,1.1683934561722,2.22875221693835,3660.15074616061,1.3,82.8005776070329,23.6152061857514,..,58.4630159660064
2016,YR2016,Montenegro,MNE,622303,0.0231425307711559,23.6,4411113414.34631,7090,76.568,1.73,10.1164,..,..,3.1,..,47,0.1,..,4373958353.52982,2.94931306833857,5.10106198477256,7028.66345418521,0.1,97.0533559517928,93.0479227250466,..,97.7542037986249
2016,YR2016,Morocco,MAR,35126296,1.32597922024303,..,102887384594.596,2880,75.974,2.489,31.5508,..,..,24.2,..,99,0.1,..,103311649248.024,1.05985639008179,1.48315700501477,2896.72000268117,1.9,86.6364419437394,69.9979419167291,..,88.4194643782585
2016,YR2016,Mozambique,MOZ,27829942,2.87212045581116,..,14795137398.2976,530,58.309,4.992,150.7298,..,..,81.8,..,87,12.5,..,11936999283.1791,3.82421431921188,13.6756096543201,428.926487995524,27.6,53.4439342451485,..,..,28.1089576514254
2016,YR2016,Myanmar,MMR,53045226,0.689521233436478,..,67687269058.8018,1280,66.205,2.182,28.7724,52.2,60.2,49.9,18.5,91,0.8,..,67184236746.5694,5.75006450029507,5.37290102051014,1266.54633814868,12.6,80.8442636740851,..,..,64.7089808552414
2016,YR2016,Namibia,NAM,2358041,1.84629715847982,..,11086619875.8489,4700,62.625,3.496,66.698,..,..,46.3,..,75,12.1,..,10665634688.0779,-0.280709919399342,8.3423715623658,4523.0912813127,18.3,82.2180572540099,..,..,34.2134144549493
2016,YR2016,Nauru,NRU,13049,4.49848608425274,..,133371264.440915,10220,..,..,..,..,..,33.9,..,98,..,..,100087348.959092,3.57142857142858,27.285350613284,7670.11640425255,..,99.4849344193568,..,..,65.5955264252888
2016,YR2016,Nepal,NPL,27261131,0.906849996341606,..,21061033971.8398,770,69.848,2.027,67.3106,52.6,..,34.6,27.2,83,0.1,..,21185922407.5922,0.588678498822517,5.15584756059005,777.147595512165,19.8,88.3464059621855,27.0581954751096,..,58.8717272027491
2016,YR2016,Netherlands,NLD,17030314,0.532178879608489,13.2,798649959898.72,46900,81.5609756097561,1.66,3.92,..,..,4,..,94,0.2,..,783528181704.567,2.19171371926123,0.454667288773308,46007.8529206547,0.2,99.9999992814038,99.9510127952693,..,97.7242169327987
2016,YR2016,New Caledonia,NCL,276550,1.51200621653298,..,..,..,76.9615007371216,2.08,15.4026,..,..,..,..,..,..,..,..,..,..,..,..,99.3285975888972,96.660852173958,..,100
2016,YR2016,New Zealand,NZL,4693200,2.09935688627085,..,185208494565.92,39460,81.6124390243903,1.87,20.0018,..,..,5.3,..,92,0.1,..,188223664746.524,3.67759505509187,2.48068423416419,40105.6133867135,0.1,99.9999986904668,99.9999986904668,..,99.9999986904668
2016,YR2016,Nicaragua,NIC,6303974,1.28895567304368,24.9,12333241247.3254,1960,73.86,2.455,86.7808,..,..,18.7,..,99,0.2,..,13286083644.8761,4.56292760915053,4.59010949659324,2107.5727223615,2.2,81.504740578563,51.5212747402271,..,74.3884311436213
2016,YR2016,Niger,NER,20788838,3.86007879547775,..,10991283316.1331,530,61.137,7.087,189.379,16.9,..,90.2,32,76,0.3,..,10355006770.1014,5.70927418699958,1.37584495220919,498.10416388359,70.8,49.5015623708971,..,..,13.162346171839
2016,YR2016,Nigeria,NGA,185960289,2.62770266215666,..,452683662038.485,2430,53.541,5.526,109.274,20.4,..,125,31.5,51,1.3,..,404650006428.613,-1.61686894991816,9.54367007033214,2176.00224545044,68.6,70.0255277528693,19.9035417358229,..,38.4146316988658
2016,YR2016,Northern Mariana Islands,MNP,56188,0.728782876932043,..,..,..,..,..,..,..,..,..,..,..,..,..,1250000000,28.3110571081409,4.63964293851511,22246.7430768136,..,100,89.8474226804124,..,78.6936896436349
2016,YR2016,Norway,NOR,5234519,0.880969815359919,12.3,428226638321.53,81810,82.4073170731707,1.71,5.3206,..,99.1,2.6,..,96,..,..,368819929542.194,1.07155897720727,-1.47425382556115,70459.1825041029,0.2,99.9999965153923,98.3429673954143,..,98.0555415844725
2016,YR2016,Oman,OMN,4479219,4.84561438636777,..,70549237403.5612,15750,77.142,2.937,13.4434,..,..,11.3,..,99,0.1,..,65480507170.7857,5.09706760494015,-8.91067750609236,14618.7331253028,0.1,91.7599974337648,90.0799974768021,..,99.9999972412006
2016,YR2016,Pakistan,PAK,203627284,2.08432094940616,..,267189608042.113,1310,66.77,3.612,39.3426,..,..,73.8,..,75,0.1,..,278654637737.69,5.52673584474448,0.400235638822991,1368.45432627629,19.6,91.1401418048437,35.5356213863318,..,58.2573676043121
2016,YR2016,Palau,PLW,17725,0.339079160708277,..,295453827.557152,16670,..,..,..,..,100,19.1,..,96,..,..,295065400,-0.0833637300740975,5.29630056536934,16646.8490832158,..,100.000004435076,..,..,100.000004435076
2016,YR2016,Panama,PAN,4037078,1.71362492157999,22.1,51577523443.23,12780,77.964,2.514,82.8346,..,94.6,16.4,..,95,..,..,57907700000,4.95349994364463,2.00201691309698,14343.9636291397,1.9,95.9794520326648,..,..,82.2291176194899
2016,YR2016,Papua New Guinea,PNG,8271760,2.00238259708206,..,22384845381.3421,2710,63.744,3.657,53.4388,..,..,49,..,46,0.8,..,20759069104.55,5.4895730696483,2.51784598200217,2509.63145745887,16.3,40.7322169639762,..,..,13.5381230826238
2016,YR2016,Paraguay,PRY,6777872,1.32367757556726,28.9,36548995917.9181,5390,73.836,2.479,70.9886,68.4,95.5,21.5,1.3,85,0.5,..,36054281572.3981,4.31290497002365,4.12446479992263,5319.41021789703,1.5,98.565748071645,63.2458987972621,..,88.7290634925577
2016,YR2016,Peru,PER,30926032,1.48316068051553,20.7,189103625823.209,6110,76.044,2.297,57.9692,76.2,92.4,15,3.2,88,0.3,..,191895943823.887,3.95331871520767,3.08088269037734,6204.99726003927,1.3,90.5855694827726,50.0874616343989,100000000,73.8470364098305
2016,YR2016,Philippines,PHL,103663927,1.50720761638191,..,357904545977.143,3450,70.802,2.718,54.779,..,..,29.3,..,80,0.1,..,318627003966.055,7.14945675000752,1.28031174373962,3073.653614975,4.2,93.0737123074883,46.4431850026817,488800000,75.3953348862819
2016,YR2016,Poland,POL,37970087,-0.04298513087435,15,482833474061.496,12720,77.8512195121951,1.39,11.297,..,99.8,4.7,..,96,..,..,472630364208.177,3.14173122907013,0.311616932329244,12447.4395912808,0.1,99.3838489263744,98.5968335777372,..,98.3831010633765
2016,YR2016,Portugal,PRT,10325452,-0.315459016997883,18.3,205764215609.824,19930,81.1243902439025,1.36,8.9868,..,..,3.6,..,98,..,..,206286022781.894,2.01948539561312,1.71666254687131,19978.401214968,0.2,99.9061840414804,95.308646855873,..,99.5667060897485
2016,YR2016,Puerto Rico,PRI,3406672,-1.93497109034618,..,67145380096.7624,19710,79.4949756097561,1.2425,32.3972,..,..,..,..,..,..,..,104336700000,-1.26300292505279,2.22086666016862,30627.1634017011,..,97.1209880032544,94.0864383996155,..,97.1639120933803
2016,YR2016,Qatar,QAT,2654374,3.39736019100816,..,171351029453.169,64550,79.868,1.907,10.1912,..,..,7.5,..,99,..,..,151732181857.113,3.06419188299694,-8.97669906344025,57163.0756845544,0.1,99.6298016596532,96.242388403225,..,100
2016,YR2016,Romania,ROU,19702267,-0.573660845379617,23.6,189492664416.031,9620,75.209756097561,1.69,36.281,..,..,8.6,..,86,0.1,..,188128818486.401,4.70299774749441,2.44704326362606,9548.58740298268,0.4,100,81.9056200936291,..,83.5572009536663
2016,YR2016,Russian Federation,RUS,144342396,0.170244545901098,13.3,1426946217861.26,9730,71.6512195121951,1.762,21.8432,..,..,7.5,..,98,..,..,1276786979221.81,0.193690071729534,2.84422269754501,8704.89841329594,0.1,96.9609505826954,75.9210530562381,..,90.0628815099411
2016,YR2016,Rwanda,RWA,11668818,2.60235576419092,38.2,8687226687.09046,740,67.93,4.123,39.4002,..,..,39.2,..,95,2.9,..,8697268915.96904,5.97074429808526,5.0335662407056,745.342751593952,19.3,56.9816187035183,..,..,65.4122884836049
2016,YR2016,Samoa,WSM,194535,0.526740178015332,..,798849432.024707,4110,72.895,3.976,24.759,..,..,16.4,..,68,..,..,799376439.530168,8.05416043810409,1.18578185126398,4109.16513496372,1.5,97.3036457162607,58.7722090229256,..,98.1171332117969
2016,YR2016,San Marino,SMR,33504,0.694863224751569,..,..,..,..,..,..,..,..,1.9,..,82,..,..,1468377272.13859,2.45937588353054,1.20301751034164,43826.9243116818,..,100,100,..,100
2016,YR2016,Sao Tome and Principe,STP,203227,1.88502547968032,..,343203994.917681,1690,69.67,4.426,95.7772,..,..,33.3,..,93,..,..,345495358.376319,4.16476692076458,5.11333578394874,1700.04654094347,11.4,84.2008445901576,..,..,42.8296504184777
2016,YR2016,Saudi Arabia,SAU,32442572,2.25976666869923,..,701163876112.582,21610,74.761,2.435,7.9412,24.6,..,7.9,..,98,..,..,644935541446.453,1.67062475672668,-3.04641421250989,19879.2975306167,0.1,99.863612154082,..,..,99.9077610577995
2016,YR2016,Senegal,SEN,14993528,2.80736130621428,..,19105732528.844,1270,67.078,4.77,74.9002,25.1,58.6,50.6,13.8,93,0.4,..,19040312815.1337,6.35606857181878,0.955649520089025,1269.90210810516,23.9,79.4623153357889,..,..,50.7833189360468
2016,YR2016,Serbia,SRB,7058322,-0.523694463062603,25.7,40231437484.4909,5700,75.6878048780488,1.46,15.5176,..,..,6,..,82,0.1,..,40692643373.0327,3.33858676542988,1.54988883247718,5765.20076202711,0.7,85.5288502031216,74.7098016538967,..,97.6006985064387
2016,YR2016,Seychelles,SYC,94677,1.33763477950025,..,1309966504.71553,13840,74.309756097561,2.39,61.9018,..,..,14.8,..,97,..,..,1426651768.82189,4.56262327793877,-0.908283201983181,15068.6203494184,0.2,96.2490125588016,..,..,100
2016,YR2016,Sierra Leone,SLE,7328838,2.1644412134304,..,3584258435.08239,490,53.444,4.457,115.5808,..,..,123.2,..,85,1.6,..,3674794530.18956,6.05547402877262,1.77562247078991,501.415712857832,81.3,59.5631432916527,9.53396976319867,..,15.2930421846313
2016,YR2016,Singapore,SGP,5607283,1.29743609938602,..,297309914651.545,53020,82.8463414634146,1.2,3.6058,..,99.6,2.7,..,95,0.3,..,318652334419.11,3.24347416813696,0.695322550244938,56828.2953471601,0.1,100,100,..,100
2016,YR2016,Sint Maarten (Dutch part),SXM,39969,2.90397846114339,..,1234705709.65816,30890,78.2926829268293,..,..,..,..,..,..,..,..,..,1263687150.83799,0.499999999999986,0.345353038640937,31616.6816992667,..,95.0741195531679,..,..,98.7810265603988
2016,YR2016,Slovak Republic,SVK,5430798,0.128922329956911,12.4,91190619398.4072,16790,77.1658536585366,1.48,25.04,..,..,6.1,..,95,..,..,89655253976.4258,2.13272778393984,-0.512208423768271,16508.6703604932,0.1,99.7875169038756,99.6978212290503,..,97.9317039501028
2016,YR2016,Slovenia,SVN,2065042,0.0731972072415279,13.3,44956543886.5735,21770,81.1756097560976,1.58,3.9668,..,..,2.4,..,92,..,..,44736333522.4522,3.19185251782498,0.874115426326341,21663.643413767,0.1,99.5343825760525,97.8457365327488,..,99.1094420530143
2016,YR2016,Solomon Islands,SLB,619437,2.66981351743832,..,1329973781.17942,2150,72.424,4.452,78.003,..,..,21.6,..,82,..,..,1378551118.49224,5.87986463620982,0.0340355227666009,2225.49043485009,6.2,68.5447998701187,..,..,32.7539413553691
2016,YR2016,Somalia,SOM,14185613,2.77625364862548,..,..,..,56.324,6.265,102.1432,..,..,128.4,..,46,0.1,..,..,..,..,..,86.6,50.8151064207935,..,..,37.0052293737066
2016,YR2016,South Africa,ZAF,56203654,1.4648292142325,..,307382400569.791,5470,63.153,2.457,68.7216,54.6,96.7,36.2,5.9,85,19.3,..,296357282715.109,0.399087929556359,7.20634637892044,5272.91842475419,13.7,92.2703121611213,..,..,74.8248775544321
2016,YR2016,South Sudan,SSD,10832512,1.08459461293809,82.3,..,..,57.12,4.855,65.2468,..,..,96.2,..,51,2.4,..,..,..,..,..,63.3,40.8139045850988,..,..,10.4367698406838
2016,YR2016,Spain,ESP,46484062,0.0844301500680736,21.6,1279827272035.43,27530,83.3292682926829,1.34,7.9744,70.9,..,3.2,..,97,0.4,..,1232076017361.53,3.03130132981933,0.322898793520409,26505.3432155204,0.2,99.9265055609085,98.4607849087082,..,99.9042864325663
2016,YR2016,Sri Lanka,LKA,21203000,1.10498361865849,4.1,80682231246.7137,3810,76.482,2.211,21.1102,61.7,..,8.2,20.5,99,0.1,..,82401038709.5356,4.48663453096836,4.8431358204671,3886.29150165239,1.2,88.8359846160092,..,..,95.1070300240266
2016,YR2016,St. Kitts and Nevis,KNA,51629,0.826587612596456,..,881835204.192632,17080,..,..,..,..,..,16.6,..,98,..,..,971166666.666667,2.82637886804554,2.30911740161915,18810.4876458321,..,..,..,..,..
2016,YR2016,St. Lucia,LCA,180024,0.500070650904245,25,1699268618.60618,9440,75.752,1.461,41.2616,..,..,21.3,..,99,..,..,1865375222.22222,3.98686894846041,-0.786656335612605,10361.8141037985,0.6,98.1622264882945,..,..,88.3599106861634
2016,YR2016,St. Martin (French part),MAF,36065,0.575617178240042,..,..,..,79.6219512195122,1.81,..,..,..,..,..,..,..,..,..,..,..,..,..,..,..,..,..
2016,YR2016,St. Vincent and the Grenadines,VCT,109459,0.28452904967632,..,744803988.838319,6800,72.193,1.931,50.1176,..,..,16.2,..,99,..,..,774429629.62963,1.89744094374245,0.610128330217236,7075.06582034944,1.3,95.1452199002099,..,..,87.1843449007354
2016,YR2016,Sudan,SDN,39847440,2.39880790446865,..,63236962612.8649,1570,64.663,4.532,67.196,..,..,64.1,..,86,0.2,..,51772232494.854,4.69997603878434,-2.74536149576956,1299.26119456743,17.3,60.2158850424538,..,..,36.4856259137097
2016,YR2016,Suriname,SUR,564883,1.02258948998451,..,3720527307.78233,6590,71.358,2.469,62.422,..,..,19.6,..,76,1.4,..,3128953536.91038,-5.56119342399026,26.1639889389867,5539.11790036234,2,94.5193981186508,..,..,84.1405219271688
2016,YR2016,Eswatini,SWZ,1113984,0.896297661168183,58.9,3846574719.48685,3450,56.962,3.041,77.318,..,..,58.9,..,89,28.8,..,3816018484.52711,1.1007183940177,7.21668665856751,3425.55950940688,27.9,68.9482924344727,..,..,58.368189143154
2016,YR2016,Sweden,SWE,9923085,1.25645398510305,15.8,539460644709.061,54360,82.3073170731707,1.85,5.1434,..,..,2.8,..,97,..,..,515654671469.547,2.07059315052096,1.52560991398094,51965.1571531985,0.2,99.9999962774109,99.9399962796445,..,99.2978635153929
2016,YR2016,Switzerland,CHE,8373338,1.09203117387253,15.5,685396690037.17,81850,83.6024390243903,1.54,2.911,..,..,4.2,..,94,0.2,..,671309197478.183,1.72274067016851,-0.604744582224271,80172.2320869148,0.1,100,95.4554054054054,..,99.8903626469298
2016,YR2016,Syrian Arab Republic,SYR,17453933,-3.06627374550422,..,..,..,70.315,2.889,39.5312,..,..,23.3,..,62,0.1,..,..,..,..,..,3.7,97.0590750580439,..,..,91.3960320441301
2016,YR2016,Tajikistan,TJK,8663579,2.44849024628928,30.3,9567722538.82166,1100,70.397,3.618,55.7464,..,..,36.8,6.4,97,0.2,..,6952678127.03396,6.87296379689192,5.30249250149863,802.518004052824,2.7,79.6258495197105,47.6856786173172,..,96.5756699575137
2016,YR2016,Tanzania,TZA,53050790,3.00052290646443,..,50067603078.9883,970,63.844,5.015,119.34,38.4,63.5,55.8,..,83,5,..,49774021003.0748,6.86711619644551,7.47203366759727,966.474622354379,38.4,54.8475367969212,..,..,28.3903801030958
2016,YR2016,Thailand,THA,68971331,0.373052587125323,8.6,393279019133.237,5700,76.403,1.537,46.239,78.4,99.1,10.3,6.7,99,1.2,..,413430123185.367,3.4292197120426,2.65807195896745,5994.23147547156,3.5,99.3738050764464,..,..,98.3964459318312
2016,YR2016,Timor-Leste,TLS,1219288,1.90319498084207,..,2133359488.90122,1750,68.735,4.156,34.7982,26,56.7,49,..,73,0.1,..,1650608600,3.36489796952593,0.154575784241203,1353.74792501854,9.9,76.6593915135837,..,..,52.4205663360907
2016,YR2016,Togo,TGO,7509952,2.5187418574522,..,4606102995.56763,610,60.22,4.449,89.6202,..,..,73.5,..,73,2.4,..,4486979198.3066,5.55907930638588,1.90956009092427,597.471088804109,41.6,64.0214393525356,..,..,15.7123050848875
2016,YR2016,Tonga,TON,101133,0.348663645507017,..,446082319.023404,4410,70.607,3.636,15.05,..,..,16.8,..,98,..,..,420540178.571429,6.57100050107448,3.05495723166224,4158.28837838716,1.4,99.9067370679552,..,..,93.4474485190954
2016,YR2016,Trinidad and Tobago,TTO,1377564,0.526659470271402,..,23159880232.5278,16810,73.1,1.753,31.033,..,..,19.1,..,86,0.9,..,22284780326.8856,-6.29644695601787,-0.771108043706619,16176.9473700573,0.1,98.1849620593945,..,..,93.3989059531058
2016,YR2016,Tunisia,TUN,11303946,1.10299623015564,..,42444494563.8577,3750,76.115,2.238,7.7908,..,..,17.1,..,90,0.1,..,41801210428.3054,1.15960097473781,4.80657035692509,3697.93083126064,1,95.9924029843814,92.3992732675896,..,90.8801279611371
2016,YR2016,Turkey,TUR,79821724,1.63225064120437,13.5,898806516548.995,11260,76.86,2.092,27.4958,..,..,12.1,..,98,..,..,869683121562.531,3.32308420844105,8.13047808023532,10895.3186924719,0.3,98.8808735965529,..,..,97.2464434502612
2016,YR2016,Turkmenistan,TKM,5662372,1.72943299724012,..,38640020035.4504,6820,67.835,2.887,24.8254,..,100,42.2,..,99,..,..,36180000000,6.1999999664301,-4.83779744987254,6389.54840833488,4,98.7037235907295,93.0056011286764,..,98.2720354859026
2016,YR2016,Turks and Caicos Islands,TCA,36559,1.5936372559658,..,998043368.278313,27300,..,..,..,..,..,..,..,..,..,..,1032452000,7.25118627570257,2.18439816064769,28240.7068027025,..,94.3181818181818,..,..,87.9886363636364
2016,YR2016,Tuvalu,TUV,11225,1.12884194584756,..,56863143.7051382,5070,..,..,..,..,..,26.4,..,96,..,..,36547799.583705,3.03472315323769,1.00024338447611,3255.92869342584,..,99.2651600130904,..,..,84.1088305981013
2016,YR2016,Uganda,UGA,39647506,3.65264430964001,21.4,31474874823.1163,790,61.986,5.242,121.4464,39,74.2,52.8,10.4,79,6.2,..,29078719933.9986,4.78100029144647,4.78100029138351,733.431251236802,31.6,47.6656313209643,6.95152978193661,..,18.4512325874185
2016,YR2016,Ukraine,UKR,45004674,-0.331331574380501,3.8,101191876046.207,2370,71.4763414634146,1.466,24.5594,..,..,9.2,..,42,1,..,93355993628.5042,2.23506761905661,17.3329833285057,2187.73050991433,0.3,93.7240786457619,91.942266045132,..,96.2208611217562
2016,YR2016,United Arab Emirates,ARE,9360980,1.05328112883944,..,379778722984.623,40570,77.47,1.491,8.5908,..,..,7.8,..,99,..,..,357045064669.843,3.06096430837654,-3.26536519835562,38141.8467585492,0.1,97.4073688254184,..,..,98.5818956075565
2016,YR2016,United Kingdom,GBR,65611593,0.757874492811929,17,2818110960288.33,42950,81.1560975609756,1.79,14.3918,..,..,4.4,..,92,..,..,2694283209613.29,1.91815513204681,2.14028301501483,41064.1334316223,0.2,100,99.9887777777778,..,99.11142062993
2016,YR2016,United States,USA,322941311,0.716669413429853,..,18476295400031.9,57210,78.5390243902439,1.8205,21.4754,75.9371810574748,..,6.7,..,92,0.4,..,18714960538000,1.63783845703892,1.03526887876487,57951.5840820997,0.2,99.2637093636678,98.9963099760288,..,99.9698121431811
2016,YR2016,Uruguay,URY,3424132,0.354674156320409,9.4,51290316057.4887,14980,77.498,1.991,59.1122,..,..,8.4,..,95,..,..,52687612262.177,1.68979816160051,7.34549094877426,15387.14403013,0.4,99.3228917552236,..,..,96.4011804189695
2016,YR2016,Uzbekistan,UZB,31847900,1.73884926199094,..,84572865514.2126,2660,71.171,2.455,23.79,..,..,21.1,..,99,0.2,..,81779012350.8833,6.09421023860457,8.74622941289549,2567.79920656883,0.4,97.6812708222515,58.8814668125788,..,100
2016,YR2016,Vanuatu,VUT,278330,2.62090494079427,..,793175458.174448,2850,70.021,3.859,50.0584,..,..,28,..,84,..,..,804332795.575017,3.46666666666667,1.846270752593,2889.85303623403,10.4,90.6615237889924,43.8424757068156,..,36.0880241479361
2016,YR2016,"Venezuela, RB",VEN,29846179,-0.786447680950899,..,..,..,72.405,2.317,85.8336,..,96.2,24.2,..,88,0.7,..,..,..,..,..,1.4,95.7783668736751,..,..,93.9350190169228
2016,YR2016,Vietnam,VNM,93638724,1.03228662254587,9.8,194603038069.985,2080,75.172,2.03,31.9554,..,..,21.2,13.8,99,0.3,..,205276172134.901,6.21081166789992,1.11064918600108,2192.21453866566,1.6,93.9901225136252,..,88900000,81.8557036274928
2016,YR2016,Virgin Islands (U.S.),VIR,107510,-0.185856386554205,..,..,..,79.2682926829268,2.09,32.259,..,..,..,..,..,..,..,3863000000,0.904392764857988,2.14451548721834,35931.5412519766,..,98.7182673758686,..,..,99.3712775309951
2016,YR2016,West Bank and Gaza,PSE,4367088,2.24610527580178,29.2,17032319937.8168,3900,73.589,3.844,54.3712,..,..,21,..,..,..,..,15405400000,8.86461881995935,1.27802248372888,3527.61382413178,..,96.4756679392666,..,..,96.9275988007193
2016,YR2016,"Yemen, Rep.",YEM,27168210,2.49824703392801,..,31336543494.4597,1150,66.087,3.994,61.816,..,..,56.8,..,70,0.1,..,30935978723.73,-9.37505950816737,0.134339787514691,1138.68299471073,10.2,63.3220338642837,..,..,58.7729838232208
2016,YR2016,Zambia,ZMB,16363507,3.00334567903779,..,22390515759.9968,1370,62.464,4.814,123.4288,..,..,66.5,..,93,12.1,..,20954754378.1394,3.77667914626731,13.5524846947001,1280.57844679257,34.9,59.2385641024208,..,..,26.0864909502766
2016,YR2016,Zimbabwe,ZWE,14030390,1.54975881577614,..,18102732501.1269,1290,60.294,3.804,90.6766,..,..,59.5,..,95,13.8,..,20548678100,0.755869250930601,2.16099269561299,1464.58352903946,24.6,64.5116160376193,..,..,36.8917311690778
,,,,,,,,,,,,,,,,,,,,,,,,,,,
,,,,,,,,,,,,,,,,,,,,,,,,,,,
,,,,,,,,,,,,,,,,,,,,,,,,,,,
Data from database: World Development Indicators,,,,,,,,,,,,,,,,,,,,,,,,,,,
Last Updated: 02/17/2021,,,,,,,,,,,,,,,,,,,,,,,,,,,
